CREATE DATABASE  IF NOT EXISTS `mulligans` /*!40100 DEFAULT CHARACTER SET utf8 */;
USE `mulligans`;
-- MySQL dump 10.13  Distrib 5.7.9, for Win64 (x86_64)
--
-- Host: localhost    Database: mulligans
-- ------------------------------------------------------
-- Server version	5.7.11-log

/*!40101 SET @OLD_CHARACTER_SET_CLIENT=@@CHARACTER_SET_CLIENT */;
/*!40101 SET @OLD_CHARACTER_SET_RESULTS=@@CHARACTER_SET_RESULTS */;
/*!40101 SET @OLD_COLLATION_CONNECTION=@@COLLATION_CONNECTION */;
/*!40101 SET NAMES utf8 */;
/*!40103 SET @OLD_TIME_ZONE=@@TIME_ZONE */;
/*!40103 SET TIME_ZONE='+00:00' */;
/*!40014 SET @OLD_UNIQUE_CHECKS=@@UNIQUE_CHECKS, UNIQUE_CHECKS=0 */;
/*!40014 SET @OLD_FOREIGN_KEY_CHECKS=@@FOREIGN_KEY_CHECKS, FOREIGN_KEY_CHECKS=0 */;
/*!40101 SET @OLD_SQL_MODE=@@SQL_MODE, SQL_MODE='NO_AUTO_VALUE_ON_ZERO' */;
/*!40111 SET @OLD_SQL_NOTES=@@SQL_NOTES, SQL_NOTES=0 */;

--
-- Table structure for table `cocktail_component`
--

DROP TABLE IF EXISTS `cocktail_component`;
/*!40101 SET @saved_cs_client     = @@character_set_client */;
/*!40101 SET character_set_client = utf8 */;
CREATE TABLE `cocktail_component` (
  `Coctail_Component_ID` int(11) NOT NULL AUTO_INCREMENT,
  `Cocktail_ID` int(11) NOT NULL,
  `Specified_Drink` int(11) NOT NULL DEFAULT '0' COMMENT '0 - Component has Drink Category (e.g. Vodka)\n1 - Component has Drink ID (e.g Absolut)\n\n',
  `Component_ID` int(11) DEFAULT NULL,
  `Quantity` decimal(5,2) NOT NULL,
  PRIMARY KEY (`Coctail_Component_ID`),
  KEY `fk_Coctail_Component_Drink2_idx` (`Cocktail_ID`,`Component_ID`),
  KEY `fk_Coctail_Component_Drink2_idx1` (`Component_ID`),
  CONSTRAINT `fk_Coctail_Component_Drink1` FOREIGN KEY (`Cocktail_ID`) REFERENCES `drink` (`Drink_ID`) ON DELETE NO ACTION ON UPDATE NO ACTION
) ENGINE=InnoDB AUTO_INCREMENT=17 DEFAULT CHARSET=utf8;
/*!40101 SET character_set_client = @saved_cs_client */;

--
-- Dumping data for table `cocktail_component`
--

LOCK TABLES `cocktail_component` WRITE;
/*!40000 ALTER TABLE `cocktail_component` DISABLE KEYS */;
INSERT INTO `cocktail_component` VALUES (1,123,1,73,1.50),(2,124,1,35,2.00),(3,125,0,4,3.00),(4,125,0,91,0.25),(5,126,0,3,1.50),(6,127,0,8,3.00),(7,128,0,2,1.25),(8,129,0,3,0.50),(9,129,0,4,0.50),(10,129,0,5,0.50),(11,129,0,2,0.50),(12,130,0,3,1.50),(13,131,0,3,1.50),(14,132,0,3,1.50),(15,133,0,3,1.50),(16,134,0,13,2.00);
/*!40000 ALTER TABLE `cocktail_component` ENABLE KEYS */;
UNLOCK TABLES;

--
-- Table structure for table `drink`
--

DROP TABLE IF EXISTS `drink`;
/*!40101 SET @saved_cs_client     = @@character_set_client */;
/*!40101 SET character_set_client = utf8 */;
CREATE TABLE `drink` (
  `Drink_ID` int(11) NOT NULL AUTO_INCREMENT,
  `Drink_Name` varchar(45) NOT NULL,
  `Drink_Category_ID` int(11) NOT NULL,
  PRIMARY KEY (`Drink_ID`),
  KEY `fk_Drink_Drink Category_idx` (`Drink_Category_ID`),
  CONSTRAINT `fk_Drink_Drink Category` FOREIGN KEY (`Drink_Category_ID`) REFERENCES `drink_category` (`Drink_Category_ID`) ON DELETE NO ACTION ON UPDATE NO ACTION
) ENGINE=InnoDB AUTO_INCREMENT=136 DEFAULT CHARSET=utf8;
/*!40101 SET character_set_client = @saved_cs_client */;

--
-- Dumping data for table `drink`
--

LOCK TABLES `drink` WRITE;
/*!40000 ALTER TABLE `drink` DISABLE KEYS */;
INSERT INTO `drink` VALUES (1,'Guinness',1),(2,'Sam Adams',1),(3,'Loose Cannon',1),(4,'Miller Lite',1),(5,'Fat Tire',1),(6,'Draft of the month',1),(7,'Yuengling',1),(8,'Stella Artois',1),(9,'Bud Light',1),(10,'Shock Top',1),(11,'Michelob Ultra',1),(12,'Coors Light',1),(13,'Coors Banquet',1),(14,'Corona',1),(15,'Corona Light',1),(16,'Heineken',1),(17,'Newcastle',1),(18,'Becks',1),(19,'Harpoon IPA',1),(20,'Hazlitts Hard Cider',1),(21,'Becks NA',1),(22,'Harpoon Cider',1),(23,'Leinkuguel',1),(24,'Ranger IPA',1),(25,'Landshark',1),(26,'Terrapin Hi-5',1),(27,'Rail Tequila',2),(28,'Jose Cuervo',2),(29,'Espolon Blanco',2),(30,'Patron Silver',2),(31,'Rail Vodka',3),(32,'Absolut',3),(33,'Absolut Citron',3),(34,'Absolut Mandarin',3),(35,'Absolut Raspberri',3),(36,'Grey Goose',3),(37,'Kettle One',3),(38,'Rail Gin',4),(39,'Bombay',4),(40,'Bombay Sapphaire',4),(41,'Beefeater',4),(42,'Tanqueray',4),(43,'Rail Rum',5),(44,'Bacardi Limon',5),(45,'Bacardi 151',5),(46,'Bacardi Superior',5),(47,'Bacardi Coconut',5),(48,'Captain Morgan',5),(49,'Malibu',5),(50,'Appleton ',5),(51,'Rail Bourbon',6),(52,'Jim Beam',6),(53,'Maker\'s Mark',6),(54,'Wild Turkey 101 ',6),(55,'Wild Turkey Rare Breed',6),(56,'Rail Scotch',7),(57,'J&B',7),(58,'Chivas Regal',7),(59,'Dewar\'s White Label',7),(60,'Johnny Walker Black',7),(61,'Johnny Walker Red',7),(62,'Glenlivet',7),(63,'McClendan\'s',7),(64,'Red Breast',7),(65,'Canadian Club',8),(66,'Crown Royal',8),(67,'Fireball',8),(68,'Irish Mist',8),(69,'Jack Daniel\'s',8),(70,'Jameson',8),(71,'Seagram\'s 7',8),(72,'Seagram\'s VO',8),(73,'2 Gingers',8),(74,'Christian Brothers VS',9),(75,'Courvoisier VSOP',9),(76,'Hennessy',9),(77,'Remy Martin VSOP',9),(78,'Pisco',9),(79,'B&B',10),(80,'Baileys',10),(81,'Chambord',10),(82,'Cointreau',10),(83,'Disaronno',10),(84,'Drambuie',10),(85,'Frangelico',10),(86,'Galliano',10),(87,'Goldschlager',10),(88,'Grand Marnier',10),(89,'Jagermeister',10),(90,'Kahlua',10),(91,'Dry Vermouth',10),(92,'Sweet Vermouth',10),(93,'Midori Melon',10),(94,'Sambuca',10),(95,'Southern Comfort ',10),(96,'St. Germain',10),(97,'Tia Maria',10),(98,'Tuaca',10),(99,'Amberhill Secret Blend',11),(100,'Double Decker, Pinot Grigio',11),(101,'Wente, Chardonnay',11),(102,'Hardy\'s Chard',11),(103,'Blue Moon Pino Gris',11),(104,'Mulderbosch Rose',11),(105,'Shoals',11),(106,'Callaway, Cabernet',12),(107,'Callaway, Merlot',12),(108,'Stone Cap Cab',12),(109,'Mountain Door Malbec',12),(110,'Trumpeter Pinot Noir',12),(111,'The Stump Jump ',12),(112,'Shoals',12),(113,'J. Roget Brut',13),(114,'Prima Perla Prosecco',13),(115,'Wycliff Brut',13),(116,'Laurier',13),(117,'Absolut',14),(118,'Bailey\'s',14),(119,'Fireball',14),(120,'Jack Daniel\'s',14),(121,'Woodbridge Chardonnay',14),(122,'Margarita mix',14),(123,'Irish Ginger',15),(124,'Mulligan\'s Tini',15),(125,'Martini',15),(126,'Bloody Mary',15),(127,'Manhattan',15),(128,'Margarita',15),(129,'Long Island',15),(130,'Cape Cod',15),(131,'Sea Breeze',15),(132,'Bay Breeze',15),(133,'Screwdriver',15),(134,'Mimosa',15),(135,'\"And\" Drinks',15);
/*!40000 ALTER TABLE `drink` ENABLE KEYS */;
UNLOCK TABLES;

--
-- Table structure for table `drink_category`
--

DROP TABLE IF EXISTS `drink_category`;
/*!40101 SET @saved_cs_client     = @@character_set_client */;
/*!40101 SET character_set_client = utf8 */;
CREATE TABLE `drink_category` (
  `Drink_Category_ID` int(11) NOT NULL AUTO_INCREMENT,
  `Drink_Category_Name` varchar(45) NOT NULL,
  PRIMARY KEY (`Drink_Category_ID`)
) ENGINE=InnoDB AUTO_INCREMENT=16 DEFAULT CHARSET=utf8;
/*!40101 SET character_set_client = @saved_cs_client */;

--
-- Dumping data for table `drink_category`
--

LOCK TABLES `drink_category` WRITE;
/*!40000 ALTER TABLE `drink_category` DISABLE KEYS */;
INSERT INTO `drink_category` VALUES (1,'Beer'),(2,'Tequilla'),(3,'Vodka'),(4,'Gin'),(5,'Rum'),(6,'Bourbon'),(7,'Scotch'),(8,'Whiskey'),(9,'Cognac & Brandy'),(10,'Premium & Cordinals'),(11,'White Wine'),(12,'Red Wine'),(13,'Champagne'),(14,'Turn'),(15,'Cocktail');
/*!40000 ALTER TABLE `drink_category` ENABLE KEYS */;
UNLOCK TABLES;

--
-- Table structure for table `drink_details`
--

DROP TABLE IF EXISTS `drink_details`;
/*!40101 SET @saved_cs_client     = @@character_set_client */;
/*!40101 SET character_set_client = utf8 */;
CREATE TABLE `drink_details` (
  `Drink_Details_ID` int(11) NOT NULL AUTO_INCREMENT,
  `Drink_ID` int(11) NOT NULL,
  `Unit_ID` int(11) NOT NULL,
  `Unit_Price` decimal(5,2) DEFAULT NULL,
  `Happy_Hour_Availability` int(11) NOT NULL COMMENT '0 - Not Available\n1 - Available\n',
  PRIMARY KEY (`Drink_Details_ID`),
  KEY `fk_Drink Details_Drink1_idx` (`Drink_ID`),
  KEY `fk_Drink Details_Drink Units1_idx` (`Unit_ID`),
  CONSTRAINT `fk_Drink Details_Drink Units1` FOREIGN KEY (`Unit_ID`) REFERENCES `drink_units` (`Unit_ID`) ON DELETE NO ACTION ON UPDATE NO ACTION,
  CONSTRAINT `fk_Drink Details_Drink1` FOREIGN KEY (`Drink_ID`) REFERENCES `drink` (`Drink_ID`) ON DELETE NO ACTION ON UPDATE NO ACTION
) ENGINE=InnoDB AUTO_INCREMENT=237 DEFAULT CHARSET=utf8;
/*!40101 SET character_set_client = @saved_cs_client */;

--
-- Dumping data for table `drink_details`
--

LOCK TABLES `drink_details` WRITE;
/*!40000 ALTER TABLE `drink_details` DISABLE KEYS */;
INSERT INTO `drink_details` VALUES (1,1,2,6.00,0),(2,2,2,6.00,1),(3,3,2,6.00,0),(4,4,2,4.00,1),(5,4,3,3.00,0),(6,4,4,3.00,0),(7,5,2,6.00,1),(8,6,2,6.00,0),(9,7,2,4.00,1),(10,7,4,3.00,0),(11,8,2,6.00,1),(12,9,2,4.00,1),(13,9,3,3.00,0),(14,9,4,3.00,0),(15,10,2,4.00,1),(16,11,3,3.00,0),(17,11,4,3.00,0),(18,12,3,3.00,0),(19,12,4,3.00,0),(20,13,3,4.00,0),(21,14,3,4.00,0),(22,15,3,4.00,0),(23,16,3,4.00,0),(24,17,3,4.00,0),(25,18,3,4.00,0),(26,19,3,4.00,0),(27,20,3,4.00,0),(28,21,3,4.00,0),(29,22,3,4.00,0),(30,23,4,4.00,0),(31,24,4,4.00,0),(32,25,4,4.00,0),(33,26,4,4.00,0),(34,27,7,4.00,0),(35,27,8,15.00,0),(36,28,7,5.00,0),(37,28,8,20.00,0),(38,29,7,6.00,0),(39,29,8,25.00,0),(40,30,7,6.00,0),(41,30,8,25.00,0),(42,31,7,4.00,0),(43,31,8,15.00,0),(44,32,7,5.00,0),(45,32,8,20.00,0),(46,33,7,5.00,0),(47,33,8,20.00,0),(48,34,7,5.00,0),(49,34,8,20.00,0),(50,35,7,5.00,0),(51,35,8,20.00,0),(52,36,7,6.00,0),(53,36,8,25.00,0),(54,37,7,6.00,0),(55,37,8,25.00,0),(56,38,7,4.00,0),(57,38,8,15.00,0),(58,39,7,5.00,0),(59,39,8,20.00,0),(60,40,7,6.00,0),(61,40,8,25.00,0),(62,41,7,5.00,0),(63,41,8,20.00,0),(64,42,7,5.00,0),(65,42,8,20.00,0),(66,43,7,4.00,0),(67,43,8,15.00,0),(68,44,7,5.00,0),(69,44,8,20.00,0),(70,45,7,5.00,0),(71,45,8,20.00,0),(72,46,7,5.00,0),(73,46,8,20.00,0),(74,47,7,5.00,0),(75,47,8,20.00,0),(76,48,7,5.00,0),(77,48,8,20.00,0),(78,49,7,5.00,0),(79,49,8,20.00,0),(80,50,7,4.00,0),(81,50,8,15.00,0),(82,51,7,4.00,0),(83,51,8,15.00,0),(84,52,7,5.00,0),(85,52,8,20.00,0),(86,53,7,6.00,0),(87,53,8,25.00,0),(88,54,7,6.00,0),(89,54,8,25.00,0),(90,55,7,6.00,0),(91,55,8,25.00,0),(92,56,7,4.00,0),(93,56,8,15.00,0),(94,57,7,5.00,0),(95,57,8,20.00,0),(96,58,7,5.00,0),(97,58,8,20.00,0),(98,59,7,5.00,0),(99,59,8,20.00,0),(100,60,7,6.00,0),(101,60,8,25.00,0),(102,61,7,5.00,0),(103,61,8,25.00,0),(104,62,7,9.00,0),(105,62,8,35.00,0),(106,63,7,6.00,0),(107,63,8,25.00,0),(108,64,7,5.00,0),(109,64,8,20.00,0),(110,65,7,5.00,0),(111,65,8,20.00,0),(112,66,7,6.00,0),(113,66,8,25.00,0),(114,67,7,5.00,0),(115,67,8,20.00,0),(116,68,7,5.00,0),(117,68,8,20.00,0),(118,69,7,5.00,0),(119,69,8,20.00,0),(120,70,7,6.00,0),(121,70,8,25.00,0),(122,71,7,5.00,0),(123,71,8,20.00,0),(124,72,7,5.00,0),(125,72,8,20.00,0),(126,73,7,5.00,0),(127,73,8,20.00,0),(128,74,7,5.00,0),(129,74,8,20.00,0),(130,75,7,6.00,0),(131,75,8,25.00,0),(132,76,7,6.00,0),(133,76,8,25.00,0),(134,77,7,6.00,0),(135,77,8,25.00,0),(136,78,7,5.00,0),(137,78,8,20.00,0),(138,79,7,6.00,0),(139,79,8,25.00,0),(140,80,7,6.00,0),(141,80,8,25.00,0),(142,81,7,6.00,0),(143,81,8,25.00,0),(144,82,7,6.00,0),(145,82,8,25.00,0),(146,83,7,6.00,0),(147,83,8,25.00,0),(148,84,7,6.00,0),(149,84,8,25.00,0),(150,85,7,6.00,0),(151,85,8,25.00,0),(152,86,7,6.00,0),(153,86,8,25.00,0),(154,87,7,6.00,0),(155,87,8,25.00,0),(156,88,7,6.00,0),(157,88,8,25.00,0),(158,89,7,6.00,0),(159,89,8,25.00,0),(160,90,7,6.00,0),(161,90,8,25.00,0),(162,91,7,6.00,0),(163,91,8,25.00,0),(164,92,7,6.00,0),(165,92,8,25.00,0),(166,93,7,6.00,0),(167,93,8,25.00,0),(168,94,7,6.00,0),(169,94,8,25.00,0),(170,95,7,6.00,0),(171,95,8,25.00,0),(172,96,7,6.00,0),(173,96,8,25.00,0),(174,97,7,6.00,0),(175,97,8,25.00,0),(176,98,7,6.00,0),(177,98,8,25.00,0),(178,99,5,5.00,0),(179,99,6,20.00,0),(180,100,5,5.00,0),(181,100,6,20.00,0),(182,101,5,7.00,1),(183,101,6,27.00,0),(184,102,5,5.00,1),(185,102,6,20.00,0),(186,103,5,5.00,0),(187,103,6,20.00,0),(188,104,5,5.00,0),(189,104,6,20.00,0),(190,105,5,5.00,0),(191,105,6,20.00,0),(192,106,5,7.00,1),(193,106,6,27.00,0),(194,107,5,5.00,0),(195,107,6,20.00,0),(196,108,5,5.00,0),(197,108,6,20.00,0),(198,109,5,6.00,0),(199,109,6,25.00,0),(200,110,5,6.00,0),(201,110,6,25.00,0),(202,111,5,7.00,0),(203,111,6,17.00,0),(204,112,5,5.00,0),(205,112,6,20.00,0),(206,113,9,12.00,0),(207,113,10,25.00,0),(208,114,9,8.00,0),(209,114,10,15.00,0),(210,115,9,8.00,0),(211,115,10,15.00,0),(212,116,9,10.00,0),(213,116,10,17.00,0),(214,117,5,3.00,0),(215,117,6,20.00,0),(216,118,5,3.00,0),(217,118,6,20.00,0),(218,119,5,3.00,0),(219,119,6,20.00,0),(220,120,5,3.00,0),(221,121,6,20.00,0),(222,122,5,3.00,0),(223,122,6,20.00,0),(224,123,5,7.00,1),(225,124,5,7.00,1),(226,125,5,7.00,0),(227,126,5,7.00,0),(228,127,5,7.00,0),(229,128,5,7.00,0),(230,129,5,7.00,0),(231,130,5,7.00,0),(232,131,5,7.00,0),(233,132,5,7.00,0),(234,133,5,7.00,0),(235,134,5,7.00,0),(236,135,5,7.00,0);
/*!40000 ALTER TABLE `drink_details` ENABLE KEYS */;
UNLOCK TABLES;

--
-- Table structure for table `drink_purchase`
--

DROP TABLE IF EXISTS `drink_purchase`;
/*!40101 SET @saved_cs_client     = @@character_set_client */;
/*!40101 SET character_set_client = utf8 */;
CREATE TABLE `drink_purchase` (
  `Drink_Purchase_ID` int(11) NOT NULL,
  `Date` datetime NOT NULL,
  `Discount_Percentage` decimal(5,2) NOT NULL DEFAULT '0.00',
  `Total_Amount` decimal(10,2) NOT NULL,
  `Total_Tax` decimal(10,2) NOT NULL,
  PRIMARY KEY (`Drink_Purchase_ID`)
) ENGINE=InnoDB DEFAULT CHARSET=utf8;
/*!40101 SET character_set_client = @saved_cs_client */;

--
-- Dumping data for table `drink_purchase`
--

LOCK TABLES `drink_purchase` WRITE;
/*!40000 ALTER TABLE `drink_purchase` DISABLE KEYS */;
INSERT INTO `drink_purchase` VALUES (20001,'2016-04-24 13:30:00',5.00,1350.00,13.50),(20002,'2016-04-24 14:30:00',2.50,2100.00,21.00),(20003,'2016-04-24 11:30:00',10.00,2580.00,23.00),(20004,'2016-04-25 10:00:00',3.00,225.00,3.00),(20005,'2016-04-26 17:30:00',7.00,480.00,4.00),(20006,'2016-04-26 09:00:00',0.00,105.00,10.00),(20007,'2016-04-26 17:03:00',0.00,30.00,0.40),(20008,'2016-04-26 08:30:00',10.00,515.00,5.00),(20009,'2016-04-26 13:30:00',2.00,285.00,2.80),(20010,'2016-04-27 11:30:00',0.00,10.00,0.20),(20011,'2016-04-28 22:30:00',5.00,474.00,4.50),(20012,'2016-04-28 14:30:00',0.00,255.00,2.50),(20013,'2016-04-29 21:30:00',10.00,625.00,5.30),(20014,'2016-04-29 10:00:00',5.00,18.00,0.30),(20015,'2016-04-29 15:30:00',0.00,255.00,3.20),(20016,'2016-05-01 13:30:00',8.00,470.00,4.90),(20017,'2016-05-01 11:00:00',0.00,320.00,4.10),(20018,'2016-05-01 10:00:00',2.50,3000.00,27.00),(20019,'2016-05-01 12:30:00',3.00,50.00,0.62),(20020,'2016-05-01 18:30:00',3.00,72.00,0.80),(20021,'2016-05-02 14:00:00',0.00,260.00,2.10),(20022,'2016-05-03 14:30:00',3.00,168.00,1.70),(20023,'2016-05-03 11:30:00',8.50,1776.00,17.50),(20024,'2016-05-03 19:30:00',0.00,90.00,1.00),(20025,'2016-05-04 10:00:00',0.00,220.00,2.50);
/*!40000 ALTER TABLE `drink_purchase` ENABLE KEYS */;
UNLOCK TABLES;

--
-- Table structure for table `drink_purchase_details`
--

DROP TABLE IF EXISTS `drink_purchase_details`;
/*!40101 SET @saved_cs_client     = @@character_set_client */;
/*!40101 SET character_set_client = utf8 */;
CREATE TABLE `drink_purchase_details` (
  `Drink_Purchase_Details_ID` int(11) NOT NULL AUTO_INCREMENT,
  `Drink_Purchase_ID` int(11) NOT NULL,
  `Drink_ID` int(11) NOT NULL,
  `Unit_ID` int(11) NOT NULL,
  `Quantity` int(11) NOT NULL,
  `Unit_Price` decimal(7,2) NOT NULL,
  PRIMARY KEY (`Drink_Purchase_Details_ID`),
  KEY `fk_Drink_Purchase_Details_Drink_Purchase1_idx` (`Drink_Purchase_ID`),
  KEY `fk_Drink_Purchase_Details_Drink1_idx` (`Drink_ID`),
  KEY `fk_Drink_Purchase_Details_Drink_Units1_idx` (`Unit_ID`),
  CONSTRAINT `fk_Drink_Purchase_Details_Drink1` FOREIGN KEY (`Drink_ID`) REFERENCES `drink` (`Drink_ID`) ON DELETE NO ACTION ON UPDATE NO ACTION,
  CONSTRAINT `fk_Drink_Purchase_Details_Drink_Purchase1` FOREIGN KEY (`Drink_Purchase_ID`) REFERENCES `drink_purchase` (`Drink_Purchase_ID`) ON DELETE NO ACTION ON UPDATE NO ACTION,
  CONSTRAINT `fk_Drink_Purchase_Details_Drink_Units1` FOREIGN KEY (`Unit_ID`) REFERENCES `drink_units` (`Unit_ID`) ON DELETE NO ACTION ON UPDATE NO ACTION
) ENGINE=InnoDB AUTO_INCREMENT=3061 DEFAULT CHARSET=utf8;
/*!40101 SET character_set_client = @saved_cs_client */;

--
-- Dumping data for table `drink_purchase_details`
--

LOCK TABLES `drink_purchase_details` WRITE;
/*!40000 ALTER TABLE `drink_purchase_details` DISABLE KEYS */;
INSERT INTO `drink_purchase_details` VALUES (3001,20001,1,1,2,150.00),(3002,20001,2,1,4,150.00),(3003,20001,5,1,3,150.00),(3004,20002,3,1,4,150.00),(3005,20002,4,1,10,150.00),(3006,20003,27,8,8,10.00),(3007,20003,30,8,5,20.00),(3008,20003,4,1,8,150.00),(3009,20003,7,1,3,100.00),(3010,20003,9,1,9,100.00),(3011,20004,32,8,11,15.00),(3012,20004,35,8,4,15.00),(3013,20005,29,8,2,30.00),(3014,20005,36,8,12,30.00),(3015,20005,43,8,6,10.00),(3016,20006,52,8,7,15.00),(3017,20007,41,8,2,15.00),(3018,20008,67,8,9,15.00),(3019,20008,51,8,14,10.00),(3020,20008,38,8,2,10.00),(3021,20008,29,8,11,20.00),(3022,20009,44,8,9,15.00),(3023,20009,52,8,10,15.00),(3024,20010,21,3,5,2.00),(3025,20011,24,4,7,2.00),(3026,20011,28,8,22,15.00),(3027,20011,78,8,13,10.00),(3028,20012,36,8,17,15.00),(3029,20013,42,8,6,15.00),(3030,20013,53,8,9,15.00),(3031,20013,101,6,3,12.00),(3032,20013,110,6,16,10.00),(3033,20013,111,6,13,12.00),(3034,20013,107,6,8,6.00),(3035,20014,24,4,6,2.00),(3036,20014,13,3,3,2.00),(3037,20015,45,8,12,10.00),(3038,20015,62,8,9,15.00),(3039,20016,71,8,17,10.00),(3040,20016,32,8,10,15.00),(3041,20016,84,8,5,15.00),(3042,20016,77,8,5,15.00),(3043,20017,63,8,14,15.00),(3044,20017,72,8,11,10.00),(3045,20018,4,1,7,150.00),(3046,20018,8,1,9,150.00),(3047,20018,5,1,4,150.00),(3048,20019,26,4,14,2.00),(3049,20019,24,4,11,2.00),(3050,20020,13,3,21,2.00),(3051,20020,20,3,15,2.00),(3052,20021,51,8,8,10.00),(3053,20021,39,8,7,15.00),(3054,20021,68,8,5,15.00),(3055,20022,111,6,14,12.00),(3056,20023,3,1,9,150.00),(3057,20023,7,1,4,100.00),(3058,20023,14,3,13,2.00),(3059,20024,49,8,6,15.00),(3060,20025,76,8,11,20.00);
/*!40000 ALTER TABLE `drink_purchase_details` ENABLE KEYS */;
UNLOCK TABLES;

--
-- Table structure for table `drink_units`
--

DROP TABLE IF EXISTS `drink_units`;
/*!40101 SET @saved_cs_client     = @@character_set_client */;
/*!40101 SET character_set_client = utf8 */;
CREATE TABLE `drink_units` (
  `Unit_ID` int(11) NOT NULL AUTO_INCREMENT,
  `Unit_Name` varchar(45) NOT NULL,
  `Quantity_In_Ounces` decimal(7,2) NOT NULL,
  PRIMARY KEY (`Unit_ID`)
) ENGINE=InnoDB AUTO_INCREMENT=11 DEFAULT CHARSET=utf8;
/*!40101 SET character_set_client = @saved_cs_client */;

--
-- Dumping data for table `drink_units`
--

LOCK TABLES `drink_units` WRITE;
/*!40000 ALTER TABLE `drink_units` DISABLE KEYS */;
INSERT INTO `drink_units` VALUES (1,'Keg',1985.00),(2,'Pint',16.00),(3,'Beer Bottle',12.00),(4,'Can',24.00),(5,'Glass',5.00),(6,'Wine Bottle',25.00),(7,'Shot Glass',1.50),(8,'Liquor Bottle',25.00),(9,'Champagne Bottle - Small',15.00),(10,'Champagne Bottle - Large',30.00);
/*!40000 ALTER TABLE `drink_units` ENABLE KEYS */;
UNLOCK TABLES;

--
-- Table structure for table `inventory`
--

DROP TABLE IF EXISTS `inventory`;
/*!40101 SET @saved_cs_client     = @@character_set_client */;
/*!40101 SET character_set_client = utf8 */;
CREATE TABLE `inventory` (
  `Drink_ID` int(11) NOT NULL,
  `Date` datetime NOT NULL,
  `Actual_Closing_Balance` decimal(10,3) DEFAULT NULL COMMENT '	',
  PRIMARY KEY (`Date`,`Drink_ID`),
  KEY `fk_Inventory_Drink1` (`Drink_ID`),
  CONSTRAINT `fk_Inventory_Drink1` FOREIGN KEY (`Drink_ID`) REFERENCES `drink` (`Drink_ID`) ON DELETE NO ACTION ON UPDATE NO ACTION
) ENGINE=InnoDB DEFAULT CHARSET=utf8;
/*!40101 SET character_set_client = @saved_cs_client */;

--
-- Dumping data for table `inventory`
--

LOCK TABLES `inventory` WRITE;
/*!40000 ALTER TABLE `inventory` DISABLE KEYS */;
INSERT INTO `inventory` VALUES (1,'2016-04-24 22:00:00',10000.000),(2,'2016-04-24 22:00:00',5000.000),(3,'2016-04-24 22:00:00',3450.000),(4,'2016-04-24 22:00:00',25000.000),(5,'2016-04-24 22:00:00',0.000),(6,'2016-04-24 22:00:00',0.000),(7,'2016-04-24 22:00:00',4507.000),(8,'2016-04-24 22:00:00',4508.000),(9,'2016-04-24 22:00:00',30000.000),(10,'2016-04-24 22:00:00',4510.000),(11,'2016-04-24 22:00:00',30000.000),(12,'2016-04-24 22:00:00',4512.000),(13,'2016-04-24 22:00:00',30000.000),(14,'2016-04-24 22:00:00',30000.000),(15,'2016-04-24 22:00:00',30000.000),(16,'2016-04-24 22:00:00',4516.000),(17,'2016-04-24 22:00:00',4517.000),(18,'2016-04-24 22:00:00',4518.000),(19,'2016-04-24 22:00:00',4519.000),(20,'2016-04-24 22:00:00',30000.000),(21,'2016-04-24 22:00:00',30000.000),(22,'2016-04-24 22:00:00',30000.000),(23,'2016-04-24 22:00:00',30000.000),(24,'2016-04-24 22:00:00',4524.000),(25,'2016-04-24 22:00:00',30000.000),(26,'2016-04-24 22:00:00',30000.000),(27,'2016-04-24 22:00:00',4527.000),(28,'2016-04-24 22:00:00',4528.000),(29,'2016-04-24 22:00:00',4529.000),(30,'2016-04-24 22:00:00',4530.000),(31,'2016-04-24 22:00:00',4531.000),(32,'2016-04-24 22:00:00',4532.000),(33,'2016-04-24 22:00:00',30000.000),(34,'2016-04-24 22:00:00',4534.000),(35,'2016-04-24 22:00:00',4535.000),(36,'2016-04-24 22:00:00',4536.000),(37,'2016-04-24 22:00:00',4537.000),(38,'2016-04-24 22:00:00',4538.000),(39,'2016-04-24 22:00:00',4539.000),(40,'2016-04-24 22:00:00',4540.000),(41,'2016-04-24 22:00:00',0.500),(42,'2016-04-24 22:00:00',0.500),(43,'2016-04-24 22:00:00',4543.000),(44,'2016-04-24 22:00:00',0.500),(45,'2016-04-24 22:00:00',0.500),(46,'2016-04-24 22:00:00',0.500),(47,'2016-04-24 22:00:00',30000.000),(48,'2016-04-24 22:00:00',30000.000),(49,'2016-04-24 22:00:00',30000.000),(50,'2016-04-24 22:00:00',30000.000),(51,'2016-04-24 22:00:00',30000.000),(52,'2016-04-24 22:00:00',30000.000),(53,'2016-04-24 22:00:00',30000.000),(54,'2016-04-24 22:00:00',30000.000),(55,'2016-04-24 22:00:00',30000.000),(56,'2016-04-24 22:00:00',30000.000),(57,'2016-04-24 22:00:00',30000.000),(58,'2016-04-24 22:00:00',30000.000),(59,'2016-04-24 22:00:00',30000.000),(60,'2016-04-24 22:00:00',30000.000),(61,'2016-04-24 22:00:00',30000.000),(62,'2016-04-24 22:00:00',30000.000),(63,'2016-04-24 22:00:00',30000.000),(64,'2016-04-24 22:00:00',30000.000),(65,'2016-04-24 22:00:00',30000.000),(66,'2016-04-24 22:00:00',30000.000),(67,'2016-04-24 22:00:00',30000.000),(68,'2016-04-24 22:00:00',4568.000),(69,'2016-04-24 22:00:00',4569.000),(70,'2016-04-24 22:00:00',30000.000),(71,'2016-04-24 22:00:00',30000.000),(72,'2016-04-24 22:00:00',30000.000),(73,'2016-04-24 22:00:00',30000.000),(74,'2016-04-24 22:00:00',30000.000),(75,'2016-04-24 22:00:00',30000.000),(76,'2016-04-24 22:00:00',30000.000),(77,'2016-04-24 22:00:00',0.000),(78,'2016-04-24 22:00:00',0.000),(79,'2016-04-24 22:00:00',0.000),(80,'2016-04-24 22:00:00',0.000),(81,'2016-04-24 22:00:00',0.000),(82,'2016-04-24 22:00:00',0.000),(83,'2016-04-24 22:00:00',0.000),(84,'2016-04-24 22:00:00',0.000),(85,'2016-04-24 22:00:00',0.000),(86,'2016-04-24 22:00:00',0.000),(87,'2016-04-24 22:00:00',0.000),(88,'2016-04-24 22:00:00',0.000),(89,'2016-04-24 22:00:00',4589.000),(90,'2016-04-24 22:00:00',0.000),(91,'2016-04-24 22:00:00',0.000),(92,'2016-04-24 22:00:00',0.000),(93,'2016-04-24 22:00:00',0.000),(94,'2016-04-24 22:00:00',0.000),(95,'2016-04-24 22:00:00',4595.000),(96,'2016-04-24 22:00:00',0.000),(97,'2016-04-24 22:00:00',0.000),(98,'2016-04-24 22:00:00',0.000),(99,'2016-04-24 22:00:00',0.000),(100,'2016-04-24 22:00:00',0.000),(101,'2016-04-24 22:00:00',75000.000),(102,'2016-04-24 22:00:00',75000.000),(103,'2016-04-24 22:00:00',4603.000),(104,'2016-04-24 22:00:00',75000.000),(105,'2016-04-24 22:00:00',75000.000),(106,'2016-04-24 22:00:00',4606.000),(107,'2016-04-24 22:00:00',75000.000),(108,'2016-04-24 22:00:00',75000.000),(109,'2016-04-24 22:00:00',4609.000),(110,'2016-04-24 22:00:00',4610.000),(111,'2016-04-24 22:00:00',4611.000),(112,'2016-04-24 22:00:00',4612.000),(113,'2016-04-24 22:00:00',4613.000),(114,'2016-04-24 22:00:00',4614.000),(115,'2016-04-24 22:00:00',75000.000),(116,'2016-04-24 22:00:00',75000.000),(117,'2016-04-24 22:00:00',75000.000),(118,'2016-04-24 22:00:00',75000.000),(119,'2016-04-24 22:00:00',75000.000),(120,'2016-04-24 22:00:00',4620.000),(121,'2016-04-24 22:00:00',75000.000),(122,'2016-04-24 22:00:00',75000.000),(1,'2016-04-25 13:30:00',13970.000),(2,'2016-04-25 13:30:00',12940.000),(3,'2016-04-25 13:30:00',11390.000),(4,'2016-04-25 13:30:00',44850.000),(5,'2016-04-25 13:30:00',5955.000),(6,'2016-04-25 13:30:00',0.000),(7,'2016-04-25 13:30:00',4507.000),(8,'2016-04-25 13:30:00',4508.000),(9,'2016-04-25 13:30:00',30000.000),(10,'2016-04-25 13:30:00',4510.000),(11,'2016-04-25 13:30:00',30000.000),(12,'2016-04-25 13:30:00',4512.000),(13,'2016-04-25 13:30:00',30000.000),(14,'2016-04-25 13:30:00',30000.000),(15,'2016-04-25 13:30:00',30000.000),(16,'2016-04-25 13:30:00',4516.000),(17,'2016-04-25 13:30:00',4517.000),(18,'2016-04-25 13:30:00',4518.000),(19,'2016-04-25 13:30:00',4519.000),(20,'2016-04-25 13:30:00',30000.000),(21,'2016-04-25 13:30:00',30000.000),(22,'2016-04-25 13:30:00',30000.000),(23,'2016-04-25 13:30:00',30000.000),(24,'2016-04-25 13:30:00',4524.000),(25,'2016-04-25 13:30:00',30000.000),(26,'2016-04-25 13:30:00',30000.000),(27,'2016-04-25 13:30:00',4527.000),(28,'2016-04-25 13:30:00',4528.000),(29,'2016-04-25 13:30:00',4529.000),(30,'2016-04-25 13:30:00',4530.000),(31,'2016-04-25 13:30:00',4531.000),(32,'2016-04-25 13:30:00',4807.000),(33,'2016-04-25 13:30:00',30000.000),(34,'2016-04-25 13:30:00',4534.000),(35,'2016-04-25 13:30:00',4635.000),(36,'2016-04-25 13:30:00',4536.000),(37,'2016-04-25 13:30:00',4537.000),(38,'2016-04-25 13:30:00',4538.000),(39,'2016-04-25 13:30:00',4539.000),(40,'2016-04-25 13:30:00',4540.000),(41,'2016-04-25 13:30:00',0.500),(42,'2016-04-25 13:30:00',0.500),(43,'2016-04-25 13:30:00',4543.000),(44,'2016-04-25 13:30:00',0.500),(45,'2016-04-25 13:30:00',0.500),(46,'2016-04-25 13:30:00',0.500),(47,'2016-04-25 13:30:00',30000.000),(48,'2016-04-25 13:30:00',30000.000),(49,'2016-04-25 13:30:00',30000.000),(50,'2016-04-25 13:30:00',30000.000),(51,'2016-04-25 13:30:00',30000.000),(52,'2016-04-25 13:30:00',30000.000),(53,'2016-04-25 13:30:00',30000.000),(54,'2016-04-25 13:30:00',30000.000),(55,'2016-04-25 13:30:00',30000.000),(56,'2016-04-25 13:30:00',30000.000),(57,'2016-04-25 13:30:00',30000.000),(58,'2016-04-25 13:30:00',30000.000),(59,'2016-04-25 13:30:00',30000.000),(60,'2016-04-25 13:30:00',30000.000),(61,'2016-04-25 13:30:00',30000.000),(62,'2016-04-25 13:30:00',30000.000),(63,'2016-04-25 13:30:00',30000.000),(64,'2016-04-25 13:30:00',30000.000),(65,'2016-04-25 13:30:00',30000.000),(66,'2016-04-25 13:30:00',30000.000),(67,'2016-04-25 13:30:00',30000.000),(68,'2016-04-25 13:30:00',4568.000),(69,'2016-04-25 13:30:00',4569.000),(70,'2016-04-25 13:30:00',30000.000),(71,'2016-04-25 13:30:00',30000.000),(72,'2016-04-25 13:30:00',30000.000),(73,'2016-04-25 13:30:00',30000.000),(74,'2016-04-25 13:30:00',30000.000),(75,'2016-04-25 13:30:00',30000.000),(76,'2016-04-25 13:30:00',30000.000),(77,'2016-04-25 13:30:00',0.000),(78,'2016-04-25 13:30:00',0.000),(79,'2016-04-25 13:30:00',0.000),(80,'2016-04-25 13:30:00',0.000),(81,'2016-04-25 13:30:00',0.000),(82,'2016-04-25 13:30:00',0.000),(83,'2016-04-25 13:30:00',0.000),(84,'2016-04-25 13:30:00',0.000),(85,'2016-04-25 13:30:00',0.000),(86,'2016-04-25 13:30:00',0.000),(87,'2016-04-25 13:30:00',0.000),(88,'2016-04-25 13:30:00',0.000),(89,'2016-04-25 13:30:00',4589.000),(90,'2016-04-25 13:30:00',0.000),(91,'2016-04-25 13:30:00',0.000),(92,'2016-04-25 13:30:00',0.000),(93,'2016-04-25 13:30:00',0.000),(94,'2016-04-25 13:30:00',0.000),(95,'2016-04-25 13:30:00',4595.000),(96,'2016-04-25 13:30:00',0.000),(97,'2016-04-25 13:30:00',0.000),(98,'2016-04-25 13:30:00',0.000),(99,'2016-04-25 13:30:00',0.000),(100,'2016-04-25 13:30:00',0.000),(101,'2016-04-25 13:30:00',75000.000),(102,'2016-04-25 13:30:00',75000.000),(103,'2016-04-25 13:30:00',4603.000),(104,'2016-04-25 13:30:00',75000.000),(105,'2016-04-25 13:30:00',75000.000),(106,'2016-04-25 13:30:00',4606.000),(107,'2016-04-25 13:30:00',75000.000),(108,'2016-04-25 13:30:00',75000.000),(109,'2016-04-25 13:30:00',4609.000),(110,'2016-04-25 13:30:00',4610.000),(111,'2016-04-25 13:30:00',4611.000),(112,'2016-04-25 13:30:00',4612.000),(113,'2016-04-25 13:30:00',4613.000),(114,'2016-04-25 13:30:00',4614.000),(115,'2016-04-25 13:30:00',75000.000),(116,'2016-04-25 13:30:00',75000.000),(117,'2016-04-25 13:30:00',75000.000),(118,'2016-04-25 13:30:00',75000.000),(119,'2016-04-25 13:30:00',75000.000),(120,'2016-04-25 13:30:00',4620.000),(121,'2016-04-25 13:30:00',75000.000),(122,'2016-04-25 13:30:00',75000.000),(1,'2016-04-26 22:00:00',13970.000),(2,'2016-04-26 22:00:00',12940.000),(3,'2016-04-26 22:00:00',11390.000),(4,'2016-04-26 22:00:00',44850.000),(5,'2016-04-26 22:00:00',5955.000),(6,'2016-04-26 22:00:00',0.000),(7,'2016-04-26 22:00:00',4507.000),(8,'2016-04-26 22:00:00',4508.000),(9,'2016-04-26 22:00:00',30000.000),(10,'2016-04-26 22:00:00',4510.000),(11,'2016-04-26 22:00:00',30000.000),(12,'2016-04-26 22:00:00',4512.000),(13,'2016-04-26 22:00:00',30000.000),(14,'2016-04-26 22:00:00',30000.000),(15,'2016-04-26 22:00:00',30000.000),(16,'2016-04-26 22:00:00',4516.000),(17,'2016-04-26 22:00:00',4517.000),(18,'2016-04-26 22:00:00',4518.000),(19,'2016-04-26 22:00:00',4519.000),(20,'2016-04-26 22:00:00',30000.000),(21,'2016-04-26 22:00:00',30000.000),(22,'2016-04-26 22:00:00',30000.000),(23,'2016-04-26 22:00:00',30000.000),(24,'2016-04-26 22:00:00',4524.000),(25,'2016-04-26 22:00:00',30000.000),(26,'2016-04-26 22:00:00',30000.000),(27,'2016-04-26 22:00:00',4527.000),(28,'2016-04-26 22:00:00',4528.000),(29,'2016-04-26 22:00:00',4854.000),(30,'2016-04-26 22:00:00',4530.000),(31,'2016-04-26 22:00:00',4531.000),(32,'2016-04-26 22:00:00',4807.000),(33,'2016-04-26 22:00:00',30000.000),(34,'2016-04-26 22:00:00',4534.000),(35,'2016-04-26 22:00:00',4635.000),(36,'2016-04-26 22:00:00',4836.000),(37,'2016-04-26 22:00:00',4537.000),(38,'2016-04-26 22:00:00',4588.000),(39,'2016-04-26 22:00:00',4539.000),(40,'2016-04-26 22:00:00',4540.000),(41,'2016-04-26 22:00:00',50.500),(42,'2016-04-26 22:00:00',0.500),(43,'2016-04-26 22:00:00',4693.000),(44,'2016-04-26 22:00:00',225.500),(45,'2016-04-26 22:00:00',0.500),(46,'2016-04-26 22:00:00',0.500),(47,'2016-04-26 22:00:00',30000.000),(48,'2016-04-26 22:00:00',30000.000),(49,'2016-04-26 22:00:00',30000.000),(50,'2016-04-26 22:00:00',30000.000),(51,'2016-04-26 22:00:00',30350.000),(52,'2016-04-26 22:00:00',30425.000),(53,'2016-04-26 22:00:00',30000.000),(54,'2016-04-26 22:00:00',30000.000),(55,'2016-04-26 22:00:00',30000.000),(56,'2016-04-26 22:00:00',30000.000),(57,'2016-04-26 22:00:00',30000.000),(58,'2016-04-26 22:00:00',30000.000),(59,'2016-04-26 22:00:00',30000.000),(60,'2016-04-26 22:00:00',30000.000),(61,'2016-04-26 22:00:00',30000.000),(62,'2016-04-26 22:00:00',30000.000),(63,'2016-04-26 22:00:00',30000.000),(64,'2016-04-26 22:00:00',30000.000),(65,'2016-04-26 22:00:00',30000.000),(66,'2016-04-26 22:00:00',30000.000),(67,'2016-04-26 22:00:00',30225.000),(68,'2016-04-26 22:00:00',4568.000),(69,'2016-04-26 22:00:00',4569.000),(70,'2016-04-26 22:00:00',30000.000),(71,'2016-04-26 22:00:00',30000.000),(72,'2016-04-26 22:00:00',30000.000),(73,'2016-04-26 22:00:00',30000.000),(74,'2016-04-26 22:00:00',30000.000),(75,'2016-04-26 22:00:00',30000.000),(76,'2016-04-26 22:00:00',30000.000),(77,'2016-04-26 22:00:00',0.000),(78,'2016-04-26 22:00:00',0.000),(79,'2016-04-26 22:00:00',0.000),(80,'2016-04-26 22:00:00',0.000),(81,'2016-04-26 22:00:00',0.000),(82,'2016-04-26 22:00:00',0.000),(83,'2016-04-26 22:00:00',0.000),(84,'2016-04-26 22:00:00',0.000),(85,'2016-04-26 22:00:00',0.000),(86,'2016-04-26 22:00:00',0.000),(87,'2016-04-26 22:00:00',0.000),(88,'2016-04-26 22:00:00',0.000),(89,'2016-04-26 22:00:00',4589.000),(90,'2016-04-26 22:00:00',0.000),(91,'2016-04-26 22:00:00',0.000),(92,'2016-04-26 22:00:00',0.000),(93,'2016-04-26 22:00:00',0.000),(94,'2016-04-26 22:00:00',0.000),(95,'2016-04-26 22:00:00',4595.000),(96,'2016-04-26 22:00:00',0.000),(97,'2016-04-26 22:00:00',0.000),(98,'2016-04-26 22:00:00',0.000),(99,'2016-04-26 22:00:00',0.000),(100,'2016-04-26 22:00:00',0.000),(101,'2016-04-26 22:00:00',75000.000),(102,'2016-04-26 22:00:00',75000.000),(103,'2016-04-26 22:00:00',4603.000),(104,'2016-04-26 22:00:00',75000.000),(105,'2016-04-26 22:00:00',75000.000),(106,'2016-04-26 22:00:00',4606.000),(107,'2016-04-26 22:00:00',75000.000),(108,'2016-04-26 22:00:00',75000.000),(109,'2016-04-26 22:00:00',4609.000),(110,'2016-04-26 22:00:00',4610.000),(111,'2016-04-26 22:00:00',4611.000),(112,'2016-04-26 22:00:00',4612.000),(113,'2016-04-26 22:00:00',4613.000),(114,'2016-04-26 22:00:00',4614.000),(115,'2016-04-26 22:00:00',75000.000),(116,'2016-04-26 22:00:00',75000.000),(117,'2016-04-26 22:00:00',75000.000),(118,'2016-04-26 22:00:00',75000.000),(119,'2016-04-26 22:00:00',75000.000),(120,'2016-04-26 22:00:00',4620.000),(121,'2016-04-26 22:00:00',75000.000),(122,'2016-04-26 22:00:00',75000.000),(1,'2016-04-27 00:00:00',13970.000),(2,'2016-04-27 00:00:00',12940.000),(3,'2016-04-27 00:00:00',11390.000),(4,'2016-04-27 00:00:00',44850.000),(5,'2016-04-27 00:00:00',5955.000),(6,'2016-04-27 00:00:00',0.000),(7,'2016-04-27 00:00:00',4507.000),(8,'2016-04-27 00:00:00',4508.000),(9,'2016-04-27 00:00:00',30000.000),(10,'2016-04-27 00:00:00',4510.000),(11,'2016-04-27 00:00:00',30000.000),(12,'2016-04-27 00:00:00',4512.000),(13,'2016-04-27 00:00:00',30000.000),(14,'2016-04-27 00:00:00',30000.000),(15,'2016-04-27 00:00:00',30000.000),(16,'2016-04-27 00:00:00',4516.000),(17,'2016-04-27 00:00:00',4517.000),(18,'2016-04-27 00:00:00',4518.000),(19,'2016-04-27 00:00:00',4519.000),(20,'2016-04-27 00:00:00',30000.000),(21,'2016-04-27 00:00:00',30060.000),(22,'2016-04-27 00:00:00',30000.000),(23,'2016-04-27 00:00:00',30000.000),(24,'2016-04-27 00:00:00',4524.000),(25,'2016-04-27 00:00:00',30000.000),(26,'2016-04-27 00:00:00',30000.000),(27,'2016-04-27 00:00:00',4527.000),(28,'2016-04-27 00:00:00',4528.000),(29,'2016-04-27 00:00:00',4854.000),(30,'2016-04-27 00:00:00',4530.000),(31,'2016-04-27 00:00:00',4531.000),(32,'2016-04-27 00:00:00',4807.000),(33,'2016-04-27 00:00:00',30000.000),(34,'2016-04-27 00:00:00',4534.000),(35,'2016-04-27 00:00:00',4635.000),(36,'2016-04-27 00:00:00',4836.000),(37,'2016-04-27 00:00:00',4537.000),(38,'2016-04-27 00:00:00',4588.000),(39,'2016-04-27 00:00:00',4539.000),(40,'2016-04-27 00:00:00',4540.000),(41,'2016-04-27 00:00:00',50.500),(42,'2016-04-27 00:00:00',0.500),(43,'2016-04-27 00:00:00',4693.000),(44,'2016-04-27 00:00:00',225.500),(45,'2016-04-27 00:00:00',0.500),(46,'2016-04-27 00:00:00',0.500),(47,'2016-04-27 00:00:00',30000.000),(48,'2016-04-27 00:00:00',30000.000),(49,'2016-04-27 00:00:00',30000.000),(50,'2016-04-27 00:00:00',30000.000),(51,'2016-04-27 00:00:00',30350.000),(52,'2016-04-27 00:00:00',30425.000),(53,'2016-04-27 00:00:00',30000.000),(54,'2016-04-27 00:00:00',30000.000),(55,'2016-04-27 00:00:00',30000.000),(56,'2016-04-27 00:00:00',30000.000),(57,'2016-04-27 00:00:00',30000.000),(58,'2016-04-27 00:00:00',30000.000),(59,'2016-04-27 00:00:00',30000.000),(60,'2016-04-27 00:00:00',30000.000),(61,'2016-04-27 00:00:00',30000.000),(62,'2016-04-27 00:00:00',30000.000),(63,'2016-04-27 00:00:00',30000.000),(64,'2016-04-27 00:00:00',30000.000),(65,'2016-04-27 00:00:00',30000.000),(66,'2016-04-27 00:00:00',30000.000),(67,'2016-04-27 00:00:00',30225.000),(68,'2016-04-27 00:00:00',4568.000),(69,'2016-04-27 00:00:00',4569.000),(70,'2016-04-27 00:00:00',30000.000),(71,'2016-04-27 00:00:00',30000.000),(72,'2016-04-27 00:00:00',30000.000),(73,'2016-04-27 00:00:00',30000.000),(74,'2016-04-27 00:00:00',30000.000),(75,'2016-04-27 00:00:00',30000.000),(76,'2016-04-27 00:00:00',30000.000),(77,'2016-04-27 00:00:00',0.000),(78,'2016-04-27 00:00:00',0.000),(79,'2016-04-27 00:00:00',0.000),(80,'2016-04-27 00:00:00',0.000),(81,'2016-04-27 00:00:00',0.000),(82,'2016-04-27 00:00:00',0.000),(83,'2016-04-27 00:00:00',0.000),(84,'2016-04-27 00:00:00',0.000),(85,'2016-04-27 00:00:00',0.000),(86,'2016-04-27 00:00:00',0.000),(87,'2016-04-27 00:00:00',0.000),(88,'2016-04-27 00:00:00',0.000),(89,'2016-04-27 00:00:00',4589.000),(90,'2016-04-27 00:00:00',0.000),(91,'2016-04-27 00:00:00',0.000),(92,'2016-04-27 00:00:00',0.000),(93,'2016-04-27 00:00:00',0.000),(94,'2016-04-27 00:00:00',0.000),(95,'2016-04-27 00:00:00',4595.000),(96,'2016-04-27 00:00:00',0.000),(97,'2016-04-27 00:00:00',0.000),(98,'2016-04-27 00:00:00',0.000),(99,'2016-04-27 00:00:00',0.000),(100,'2016-04-27 00:00:00',0.000),(101,'2016-04-27 00:00:00',75000.000),(102,'2016-04-27 00:00:00',75000.000),(103,'2016-04-27 00:00:00',4603.000),(104,'2016-04-27 00:00:00',75000.000),(105,'2016-04-27 00:00:00',75000.000),(106,'2016-04-27 00:00:00',4606.000),(107,'2016-04-27 00:00:00',75000.000),(108,'2016-04-27 00:00:00',75000.000),(109,'2016-04-27 00:00:00',4609.000),(110,'2016-04-27 00:00:00',4610.000),(111,'2016-04-27 00:00:00',4611.000),(112,'2016-04-27 00:00:00',4612.000),(113,'2016-04-27 00:00:00',4613.000),(114,'2016-04-27 00:00:00',4614.000),(115,'2016-04-27 00:00:00',75000.000),(116,'2016-04-27 00:00:00',75000.000),(117,'2016-04-27 00:00:00',75000.000),(118,'2016-04-27 00:00:00',75000.000),(119,'2016-04-27 00:00:00',75000.000),(120,'2016-04-27 00:00:00',4620.000),(121,'2016-04-27 00:00:00',75000.000),(122,'2016-04-27 00:00:00',75000.000),(1,'2016-04-28 00:00:00',13970.000),(2,'2016-04-28 00:00:00',12940.000),(3,'2016-04-28 00:00:00',11390.000),(4,'2016-04-28 00:00:00',44850.000),(5,'2016-04-28 00:00:00',5955.000),(6,'2016-04-28 00:00:00',0.000),(7,'2016-04-28 00:00:00',4507.000),(8,'2016-04-28 00:00:00',4508.000),(9,'2016-04-28 00:00:00',30000.000),(10,'2016-04-28 00:00:00',4510.000),(11,'2016-04-28 00:00:00',30000.000),(12,'2016-04-28 00:00:00',4512.000),(13,'2016-04-28 00:00:00',30000.000),(14,'2016-04-28 00:00:00',30000.000),(15,'2016-04-28 00:00:00',30000.000),(16,'2016-04-28 00:00:00',4516.000),(17,'2016-04-28 00:00:00',4517.000),(18,'2016-04-28 00:00:00',4518.000),(19,'2016-04-28 00:00:00',4519.000),(20,'2016-04-28 00:00:00',30000.000),(21,'2016-04-28 00:00:00',30060.000),(22,'2016-04-28 00:00:00',30000.000),(23,'2016-04-28 00:00:00',30000.000),(24,'2016-04-28 00:00:00',4692.000),(25,'2016-04-28 00:00:00',30000.000),(26,'2016-04-28 00:00:00',30000.000),(27,'2016-04-28 00:00:00',4527.000),(28,'2016-04-28 00:00:00',5078.000),(29,'2016-04-28 00:00:00',4854.000),(30,'2016-04-28 00:00:00',4530.000),(31,'2016-04-28 00:00:00',4531.000),(32,'2016-04-28 00:00:00',4807.000),(33,'2016-04-28 00:00:00',30000.000),(34,'2016-04-28 00:00:00',4534.000),(35,'2016-04-28 00:00:00',4635.000),(36,'2016-04-28 00:00:00',5261.000),(37,'2016-04-28 00:00:00',4537.000),(38,'2016-04-28 00:00:00',4588.000),(39,'2016-04-28 00:00:00',4539.000),(40,'2016-04-28 00:00:00',4540.000),(41,'2016-04-28 00:00:00',50.500),(42,'2016-04-28 00:00:00',0.500),(43,'2016-04-28 00:00:00',4693.000),(44,'2016-04-28 00:00:00',225.500),(45,'2016-04-28 00:00:00',0.500),(46,'2016-04-28 00:00:00',0.500),(47,'2016-04-28 00:00:00',30000.000),(48,'2016-04-28 00:00:00',30000.000),(49,'2016-04-28 00:00:00',30000.000),(50,'2016-04-28 00:00:00',30000.000),(51,'2016-04-28 00:00:00',30350.000),(52,'2016-04-28 00:00:00',30425.000),(53,'2016-04-28 00:00:00',30000.000),(54,'2016-04-28 00:00:00',30000.000),(55,'2016-04-28 00:00:00',30000.000),(56,'2016-04-28 00:00:00',30000.000),(57,'2016-04-28 00:00:00',30000.000),(58,'2016-04-28 00:00:00',30000.000),(59,'2016-04-28 00:00:00',30000.000),(60,'2016-04-28 00:00:00',30000.000),(61,'2016-04-28 00:00:00',30000.000),(62,'2016-04-28 00:00:00',30000.000),(63,'2016-04-28 00:00:00',30000.000),(64,'2016-04-28 00:00:00',30000.000),(65,'2016-04-28 00:00:00',30000.000),(66,'2016-04-28 00:00:00',30000.000),(67,'2016-04-28 00:00:00',30225.000),(68,'2016-04-28 00:00:00',4568.000),(69,'2016-04-28 00:00:00',4569.000),(70,'2016-04-28 00:00:00',30000.000),(71,'2016-04-28 00:00:00',30000.000),(72,'2016-04-28 00:00:00',30000.000),(73,'2016-04-28 00:00:00',30000.000),(74,'2016-04-28 00:00:00',30000.000),(75,'2016-04-28 00:00:00',30000.000),(76,'2016-04-28 00:00:00',30000.000),(77,'2016-04-28 00:00:00',0.000),(78,'2016-04-28 00:00:00',325.000),(79,'2016-04-28 00:00:00',0.000),(80,'2016-04-28 00:00:00',0.000),(81,'2016-04-28 00:00:00',0.000),(82,'2016-04-28 00:00:00',0.000),(83,'2016-04-28 00:00:00',0.000),(84,'2016-04-28 00:00:00',0.000),(85,'2016-04-28 00:00:00',0.000),(86,'2016-04-28 00:00:00',0.000),(87,'2016-04-28 00:00:00',0.000),(88,'2016-04-28 00:00:00',0.000),(89,'2016-04-28 00:00:00',4589.000),(90,'2016-04-28 00:00:00',0.000),(91,'2016-04-28 00:00:00',0.000),(92,'2016-04-28 00:00:00',0.000),(93,'2016-04-28 00:00:00',0.000),(94,'2016-04-28 00:00:00',0.000),(95,'2016-04-28 00:00:00',4595.000),(96,'2016-04-28 00:00:00',0.000),(97,'2016-04-28 00:00:00',0.000),(98,'2016-04-28 00:00:00',0.000),(99,'2016-04-28 00:00:00',0.000),(100,'2016-04-28 00:00:00',0.000),(101,'2016-04-28 00:00:00',75000.000),(102,'2016-04-28 00:00:00',75000.000),(103,'2016-04-28 00:00:00',4603.000),(104,'2016-04-28 00:00:00',75000.000),(105,'2016-04-28 00:00:00',75000.000),(106,'2016-04-28 00:00:00',4606.000),(107,'2016-04-28 00:00:00',75000.000),(108,'2016-04-28 00:00:00',75000.000),(109,'2016-04-28 00:00:00',4609.000),(110,'2016-04-28 00:00:00',4610.000),(111,'2016-04-28 00:00:00',4611.000),(112,'2016-04-28 00:00:00',4612.000),(113,'2016-04-28 00:00:00',4613.000),(114,'2016-04-28 00:00:00',4614.000),(115,'2016-04-28 00:00:00',75000.000),(116,'2016-04-28 00:00:00',75000.000),(117,'2016-04-28 00:00:00',75000.000),(118,'2016-04-28 00:00:00',75000.000),(119,'2016-04-28 00:00:00',75000.000),(120,'2016-04-28 00:00:00',4620.000),(121,'2016-04-28 00:00:00',75000.000),(122,'2016-04-28 00:00:00',75000.000),(1,'2016-04-29 00:00:00',13970.000),(2,'2016-04-29 00:00:00',12940.000),(3,'2016-04-29 00:00:00',11390.000),(4,'2016-04-29 00:00:00',44850.000),(5,'2016-04-29 00:00:00',5955.000),(6,'2016-04-29 00:00:00',0.000),(7,'2016-04-29 00:00:00',4507.000),(8,'2016-04-29 00:00:00',4508.000),(9,'2016-04-29 00:00:00',30000.000),(10,'2016-04-29 00:00:00',4510.000),(11,'2016-04-29 00:00:00',30000.000),(12,'2016-04-29 00:00:00',4512.000),(13,'2016-04-29 00:00:00',30036.000),(14,'2016-04-29 00:00:00',30000.000),(15,'2016-04-29 00:00:00',30000.000),(16,'2016-04-29 00:00:00',4516.000),(17,'2016-04-29 00:00:00',4517.000),(18,'2016-04-29 00:00:00',4518.000),(19,'2016-04-29 00:00:00',4519.000),(20,'2016-04-29 00:00:00',30000.000),(21,'2016-04-29 00:00:00',30060.000),(22,'2016-04-29 00:00:00',30000.000),(23,'2016-04-29 00:00:00',30000.000),(24,'2016-04-29 00:00:00',4836.000),(25,'2016-04-29 00:00:00',30000.000),(26,'2016-04-29 00:00:00',30000.000),(27,'2016-04-29 00:00:00',4527.000),(28,'2016-04-29 00:00:00',5078.000),(29,'2016-04-29 00:00:00',4854.000),(30,'2016-04-29 00:00:00',4530.000),(31,'2016-04-29 00:00:00',4531.000),(32,'2016-04-29 00:00:00',4807.000),(33,'2016-04-29 00:00:00',30000.000),(34,'2016-04-29 00:00:00',4534.000),(35,'2016-04-29 00:00:00',4635.000),(36,'2016-04-29 00:00:00',5261.000),(37,'2016-04-29 00:00:00',4537.000),(38,'2016-04-29 00:00:00',4588.000),(39,'2016-04-29 00:00:00',4539.000),(40,'2016-04-29 00:00:00',4540.000),(41,'2016-04-29 00:00:00',50.500),(42,'2016-04-29 00:00:00',150.500),(43,'2016-04-29 00:00:00',4693.000),(44,'2016-04-29 00:00:00',225.500),(45,'2016-04-29 00:00:00',300.500),(46,'2016-04-29 00:00:00',0.500),(47,'2016-04-29 00:00:00',30000.000),(48,'2016-04-29 00:00:00',30000.000),(49,'2016-04-29 00:00:00',30000.000),(50,'2016-04-29 00:00:00',30000.000),(51,'2016-04-29 00:00:00',30350.000),(52,'2016-04-29 00:00:00',30425.000),(53,'2016-04-29 00:00:00',30225.000),(54,'2016-04-29 00:00:00',30000.000),(55,'2016-04-29 00:00:00',30000.000),(56,'2016-04-29 00:00:00',30000.000),(57,'2016-04-29 00:00:00',30000.000),(58,'2016-04-29 00:00:00',30000.000),(59,'2016-04-29 00:00:00',30000.000),(60,'2016-04-29 00:00:00',30000.000),(61,'2016-04-29 00:00:00',30000.000),(62,'2016-04-29 00:00:00',30225.000),(63,'2016-04-29 00:00:00',30000.000),(64,'2016-04-29 00:00:00',30000.000),(65,'2016-04-29 00:00:00',30000.000),(66,'2016-04-29 00:00:00',30000.000),(67,'2016-04-29 00:00:00',30225.000),(68,'2016-04-29 00:00:00',4568.000),(69,'2016-04-29 00:00:00',4569.000),(70,'2016-04-29 00:00:00',30000.000),(71,'2016-04-29 00:00:00',30000.000),(72,'2016-04-29 00:00:00',30000.000),(73,'2016-04-29 00:00:00',30000.000),(74,'2016-04-29 00:00:00',30000.000),(75,'2016-04-29 00:00:00',30000.000),(76,'2016-04-29 00:00:00',30000.000),(77,'2016-04-29 00:00:00',0.000),(78,'2016-04-29 00:00:00',325.000),(79,'2016-04-29 00:00:00',0.000),(80,'2016-04-29 00:00:00',0.000),(81,'2016-04-29 00:00:00',0.000),(82,'2016-04-29 00:00:00',0.000),(83,'2016-04-29 00:00:00',0.000),(84,'2016-04-29 00:00:00',0.000),(85,'2016-04-29 00:00:00',0.000),(86,'2016-04-29 00:00:00',0.000),(87,'2016-04-29 00:00:00',0.000),(88,'2016-04-29 00:00:00',0.000),(89,'2016-04-29 00:00:00',4589.000),(90,'2016-04-29 00:00:00',0.000),(91,'2016-04-29 00:00:00',0.000),(92,'2016-04-29 00:00:00',0.000),(93,'2016-04-29 00:00:00',0.000),(94,'2016-04-29 00:00:00',0.000),(95,'2016-04-29 00:00:00',4595.000),(96,'2016-04-29 00:00:00',0.000),(97,'2016-04-29 00:00:00',0.000),(98,'2016-04-29 00:00:00',0.000),(99,'2016-04-29 00:00:00',0.000),(100,'2016-04-29 00:00:00',0.000),(101,'2016-04-29 00:00:00',75075.000),(102,'2016-04-29 00:00:00',75000.000),(103,'2016-04-29 00:00:00',4603.000),(104,'2016-04-29 00:00:00',75000.000),(105,'2016-04-29 00:00:00',75000.000),(106,'2016-04-29 00:00:00',4606.000),(107,'2016-04-29 00:00:00',75200.000),(108,'2016-04-29 00:00:00',75000.000),(109,'2016-04-29 00:00:00',4609.000),(110,'2016-04-29 00:00:00',5010.000),(111,'2016-04-29 00:00:00',4936.000),(112,'2016-04-29 00:00:00',4612.000),(113,'2016-04-29 00:00:00',4613.000),(114,'2016-04-29 00:00:00',4614.000),(115,'2016-04-29 00:00:00',75000.000),(116,'2016-04-29 00:00:00',75000.000),(117,'2016-04-29 00:00:00',75000.000),(118,'2016-04-29 00:00:00',75000.000),(119,'2016-04-29 00:00:00',75000.000),(120,'2016-04-29 00:00:00',4620.000),(121,'2016-04-29 00:00:00',75000.000),(122,'2016-04-29 00:00:00',75000.000),(1,'2016-04-30 00:00:00',13970.000),(2,'2016-04-30 00:00:00',12940.000),(3,'2016-04-30 00:00:00',11390.000),(4,'2016-04-30 00:00:00',44834.000),(5,'2016-04-30 00:00:00',5955.000),(6,'2016-04-30 00:00:00',0.000),(7,'2016-04-30 00:00:00',4507.000),(8,'2016-04-30 00:00:00',4508.000),(9,'2016-04-30 00:00:00',30000.000),(10,'2016-04-30 00:00:00',4478.000),(11,'2016-04-30 00:00:00',30000.000),(12,'2016-04-30 00:00:00',4476.000),(13,'2016-04-30 00:00:00',30036.000),(14,'2016-04-30 00:00:00',30000.000),(15,'2016-04-30 00:00:00',30000.000),(16,'2016-04-30 00:00:00',4504.000),(17,'2016-04-30 00:00:00',4517.000),(18,'2016-04-30 00:00:00',4482.000),(19,'2016-04-30 00:00:00',4507.000),(20,'2016-04-30 00:00:00',30000.000),(21,'2016-04-30 00:00:00',30060.000),(22,'2016-04-30 00:00:00',30000.000),(23,'2016-04-30 00:00:00',30000.000),(24,'2016-04-30 00:00:00',4836.000),(25,'2016-04-30 00:00:00',30000.000),(26,'2016-04-30 00:00:00',30000.000),(27,'2016-04-30 00:00:00',4526.500),(28,'2016-04-30 00:00:00',5078.000),(29,'2016-04-30 00:00:00',4854.000),(30,'2016-04-30 00:00:00',4530.000),(31,'2016-04-30 00:00:00',4530.500),(32,'2016-04-30 00:00:00',4805.500),(33,'2016-04-30 00:00:00',30000.000),(34,'2016-04-30 00:00:00',4509.000),(35,'2016-04-30 00:00:00',4633.000),(36,'2016-04-30 00:00:00',5261.000),(37,'2016-04-30 00:00:00',4537.000),(38,'2016-04-30 00:00:00',4587.500),(39,'2016-04-30 00:00:00',4539.000),(40,'2016-04-30 00:00:00',4540.000),(41,'2016-04-30 00:00:00',50.500),(42,'2016-04-30 00:00:00',150.500),(43,'2016-04-30 00:00:00',4668.500),(44,'2016-04-30 00:00:00',225.500),(45,'2016-04-30 00:00:00',300.500),(46,'2016-04-30 00:00:00',0.000),(47,'2016-04-30 00:00:00',30000.000),(48,'2016-04-30 00:00:00',30000.000),(49,'2016-04-30 00:00:00',30000.000),(50,'2016-04-30 00:00:00',30000.000),(51,'2016-04-30 00:00:00',30350.000),(52,'2016-04-30 00:00:00',30425.000),(53,'2016-04-30 00:00:00',30225.000),(54,'2016-04-30 00:00:00',30000.000),(55,'2016-04-30 00:00:00',30000.000),(56,'2016-04-30 00:00:00',30000.000),(57,'2016-04-30 00:00:00',30000.000),(58,'2016-04-30 00:00:00',30000.000),(59,'2016-04-30 00:00:00',30000.000),(60,'2016-04-30 00:00:00',30000.000),(61,'2016-04-30 00:00:00',30000.000),(62,'2016-04-30 00:00:00',30225.000),(63,'2016-04-30 00:00:00',30000.000),(64,'2016-04-30 00:00:00',30000.000),(65,'2016-04-30 00:00:00',30000.000),(66,'2016-04-30 00:00:00',30000.000),(67,'2016-04-30 00:00:00',30225.000),(68,'2016-04-30 00:00:00',4568.000),(69,'2016-04-30 00:00:00',4569.000),(70,'2016-04-30 00:00:00',30000.000),(71,'2016-04-30 00:00:00',30000.000),(72,'2016-04-30 00:00:00',30000.000),(73,'2016-04-30 00:00:00',30000.000),(74,'2016-04-30 00:00:00',30000.000),(75,'2016-04-30 00:00:00',30000.000),(76,'2016-04-30 00:00:00',30000.000),(77,'2016-04-30 00:00:00',0.000),(78,'2016-04-30 00:00:00',0.000),(79,'2016-04-30 00:00:00',0.000),(80,'2016-04-30 00:00:00',0.000),(81,'2016-04-30 00:00:00',0.000),(82,'2016-04-30 00:00:00',0.000),(83,'2016-04-30 00:00:00',0.000),(84,'2016-04-30 00:00:00',0.000),(85,'2016-04-30 00:00:00',0.000),(86,'2016-04-30 00:00:00',0.000),(87,'2016-04-30 00:00:00',0.000),(88,'2016-04-30 00:00:00',0.000),(89,'2016-04-30 00:00:00',4589.000),(90,'2016-04-30 00:00:00',0.000),(91,'2016-04-30 00:00:00',0.000),(92,'2016-04-30 00:00:00',0.000),(93,'2016-04-30 00:00:00',0.000),(94,'2016-04-30 00:00:00',0.000),(95,'2016-04-30 00:00:00',4595.000),(96,'2016-04-30 00:00:00',0.000),(97,'2016-04-30 00:00:00',0.000),(98,'2016-04-30 00:00:00',0.000),(99,'2016-04-30 00:00:00',0.000),(100,'2016-04-30 00:00:00',0.000),(101,'2016-04-30 00:00:00',75075.000),(102,'2016-04-30 00:00:00',75000.000),(103,'2016-04-30 00:00:00',4603.000),(104,'2016-04-30 00:00:00',75000.000),(105,'2016-04-30 00:00:00',75000.000),(106,'2016-04-30 00:00:00',4606.000),(107,'2016-04-30 00:00:00',75200.000),(108,'2016-04-30 00:00:00',75000.000),(109,'2016-04-30 00:00:00',4609.000),(110,'2016-04-30 00:00:00',5010.000),(111,'2016-04-30 00:00:00',4936.000),(112,'2016-04-30 00:00:00',4612.000),(113,'2016-04-30 00:00:00',4613.000),(114,'2016-04-30 00:00:00',4614.000),(115,'2016-04-30 00:00:00',75000.000),(116,'2016-04-30 00:00:00',75000.000),(117,'2016-04-30 00:00:00',75000.000),(118,'2016-04-30 00:00:00',75000.000),(119,'2016-04-30 00:00:00',75000.000),(120,'2016-04-30 00:00:00',4620.000),(121,'2016-04-30 00:00:00',75000.000),(122,'2016-04-30 00:00:00',75000.000),(1,'2016-05-01 00:00:00',13970.000),(2,'2016-05-01 00:00:00',12940.000),(3,'2016-05-01 00:00:00',11390.000),(4,'2016-05-01 00:00:00',58729.000),(5,'2016-05-01 00:00:00',13895.000),(6,'2016-05-01 00:00:00',0.000),(7,'2016-05-01 00:00:00',0.000),(8,'2016-05-01 00:00:00',22373.000),(9,'2016-05-01 00:00:00',30000.000),(10,'2016-05-01 00:00:00',4478.000),(11,'2016-05-01 00:00:00',30000.000),(12,'2016-05-01 00:00:00',4476.000),(13,'2016-05-01 00:00:00',30288.000),(14,'2016-05-01 00:00:00',30000.000),(15,'2016-05-01 00:00:00',30000.000),(16,'2016-05-01 00:00:00',4504.000),(17,'2016-05-01 00:00:00',4517.000),(18,'2016-05-01 00:00:00',4482.000),(19,'2016-05-01 00:00:00',4507.000),(20,'2016-05-01 00:00:00',30180.000),(21,'2016-05-01 00:00:00',30060.000),(22,'2016-05-01 00:00:00',30000.000),(23,'2016-05-01 00:00:00',30000.000),(24,'2016-05-01 00:00:00',5004.000),(25,'2016-05-01 00:00:00',30000.000),(26,'2016-05-01 00:00:00',30336.000),(27,'2016-05-01 00:00:00',4512.750),(28,'2016-05-01 00:00:00',5078.000),(29,'2016-05-01 00:00:00',4854.000),(30,'2016-05-01 00:00:00',4530.000),(31,'2016-05-01 00:00:00',4528.500),(32,'2016-05-01 00:00:00',5055.500),(33,'2016-05-01 00:00:00',30000.000),(34,'2016-05-01 00:00:00',4509.000),(35,'2016-05-01 00:00:00',4633.000),(36,'2016-05-01 00:00:00',5252.000),(37,'2016-05-01 00:00:00',4537.000),(38,'2016-05-01 00:00:00',4587.500),(39,'2016-05-01 00:00:00',4538.500),(40,'2016-05-01 00:00:00',4540.000),(41,'2016-05-01 00:00:00',50.500),(42,'2016-05-01 00:00:00',150.500),(43,'2016-05-01 00:00:00',4668.500),(44,'2016-05-01 00:00:00',225.000),(45,'2016-05-01 00:00:00',300.500),(46,'2016-05-01 00:00:00',0.500),(47,'2016-05-01 00:00:00',30000.000),(48,'2016-05-01 00:00:00',30000.000),(49,'2016-05-01 00:00:00',30000.000),(50,'2016-05-01 00:00:00',30000.000),(51,'2016-05-01 00:00:00',30350.000),(52,'2016-05-01 00:00:00',30425.000),(53,'2016-05-01 00:00:00',30225.000),(54,'2016-05-01 00:00:00',30000.000),(55,'2016-05-01 00:00:00',30000.000),(56,'2016-05-01 00:00:00',30000.000),(57,'2016-05-01 00:00:00',30000.000),(58,'2016-05-01 00:00:00',30000.000),(59,'2016-05-01 00:00:00',30000.000),(60,'2016-05-01 00:00:00',30000.000),(61,'2016-05-01 00:00:00',30000.000),(62,'2016-05-01 00:00:00',30225.000),(63,'2016-05-01 00:00:00',30350.000),(64,'2016-05-01 00:00:00',30000.000),(65,'2016-05-01 00:00:00',30000.000),(66,'2016-05-01 00:00:00',30000.000),(67,'2016-05-01 00:00:00',30225.000),(68,'2016-05-01 00:00:00',4566.000),(69,'2016-05-01 00:00:00',4569.000),(70,'2016-05-01 00:00:00',30000.000),(71,'2016-05-01 00:00:00',30425.000),(72,'2016-05-01 00:00:00',30275.000),(73,'2016-05-01 00:00:00',30000.000),(74,'2016-05-01 00:00:00',30000.000),(75,'2016-05-01 00:00:00',30000.000),(76,'2016-05-01 00:00:00',30000.000),(77,'2016-05-01 00:00:00',125.000),(78,'2016-05-01 00:00:00',325.000),(79,'2016-05-01 00:00:00',0.000),(80,'2016-05-01 00:00:00',0.000),(81,'2016-05-01 00:00:00',0.000),(82,'2016-05-01 00:00:00',0.000),(83,'2016-05-01 00:00:00',0.000),(84,'2016-05-01 00:00:00',125.000),(85,'2016-05-01 00:00:00',0.000),(86,'2016-05-01 00:00:00',0.000),(87,'2016-05-01 00:00:00',0.000),(88,'2016-05-01 00:00:00',0.000),(89,'2016-05-01 00:00:00',4584.500),(90,'2016-05-01 00:00:00',0.000),(91,'2016-05-01 00:00:00',0.000),(92,'2016-05-01 00:00:00',0.000),(93,'2016-05-01 00:00:00',0.000),(94,'2016-05-01 00:00:00',0.000),(95,'2016-05-01 00:00:00',4570.000),(96,'2016-05-01 00:00:00',0.000),(97,'2016-05-01 00:00:00',0.000),(98,'2016-05-01 00:00:00',0.000),(99,'2016-05-01 00:00:00',0.000),(100,'2016-05-01 00:00:00',0.000),(101,'2016-05-01 00:00:00',75075.000),(102,'2016-05-01 00:00:00',75000.000),(103,'2016-05-01 00:00:00',4598.000),(104,'2016-05-01 00:00:00',75000.000),(105,'2016-05-01 00:00:00',75000.000),(106,'2016-05-01 00:00:00',4556.000),(107,'2016-05-01 00:00:00',75200.000),(108,'2016-05-01 00:00:00',75000.000),(109,'2016-05-01 00:00:00',4594.000),(110,'2016-05-01 00:00:00',5010.000),(111,'2016-05-01 00:00:00',4911.000),(112,'2016-05-01 00:00:00',4612.000),(113,'2016-05-01 00:00:00',4613.000),(114,'2016-05-01 00:00:00',4614.000),(115,'2016-05-01 00:00:00',75000.000),(116,'2016-05-01 00:00:00',75000.000),(117,'2016-05-01 00:00:00',75000.000),(118,'2016-05-01 00:00:00',75000.000),(119,'2016-05-01 00:00:00',75000.000),(120,'2016-05-01 00:00:00',4595.000),(121,'2016-05-01 00:00:00',75000.000),(122,'2016-05-01 00:00:00',75000.000),(1,'2016-05-02 00:00:00',13970.000),(2,'2016-05-02 00:00:00',12940.000),(3,'2016-05-02 00:00:00',11390.000),(4,'2016-05-02 00:00:00',58729.000),(5,'2016-05-02 00:00:00',13895.000),(6,'2016-05-02 00:00:00',0.000),(7,'2016-05-02 00:00:00',4507.000),(8,'2016-05-02 00:00:00',22373.000),(9,'2016-05-02 00:00:00',30000.000),(10,'2016-05-02 00:00:00',4478.000),(11,'2016-05-02 00:00:00',30000.000),(12,'2016-05-02 00:00:00',4476.000),(13,'2016-05-02 00:00:00',30288.000),(14,'2016-05-02 00:00:00',30000.000),(15,'2016-05-02 00:00:00',30000.000),(16,'2016-05-02 00:00:00',4504.000),(17,'2016-05-02 00:00:00',4517.000),(18,'2016-05-02 00:00:00',4482.000),(19,'2016-05-02 00:00:00',4507.000),(20,'2016-05-02 00:00:00',30180.000),(21,'2016-05-02 00:00:00',30060.000),(22,'2016-05-02 00:00:00',30000.000),(23,'2016-05-02 00:00:00',30000.000),(24,'2016-05-02 00:00:00',5004.000);
/*!40000 ALTER TABLE `inventory` ENABLE KEYS */;
UNLOCK TABLES;

--
-- Table structure for table `tab`
--

DROP TABLE IF EXISTS `tab`;
/*!40101 SET @saved_cs_client     = @@character_set_client */;
/*!40101 SET character_set_client = utf8 */;
CREATE TABLE `tab` (
  `Tab_ID` int(11) NOT NULL AUTO_INCREMENT,
  `Tab_Open_DateTIme` datetime NOT NULL,
  `Tab_Close_Time` datetime DEFAULT NULL,
  `Total_Amount` decimal(10,2) DEFAULT NULL,
  `Total_Tax` decimal(10,2) DEFAULT NULL,
  `Is_Tab_Closed` int(11) NOT NULL DEFAULT '0' COMMENT '0 - Tab open\n1 - Tab Closed\n',
  PRIMARY KEY (`Tab_ID`)
) ENGINE=InnoDB AUTO_INCREMENT=21 DEFAULT CHARSET=utf8;
/*!40101 SET character_set_client = @saved_cs_client */;

--
-- Dumping data for table `tab`
--

LOCK TABLES `tab` WRITE;
/*!40000 ALTER TABLE `tab` DISABLE KEYS */;
INSERT INTO `tab` VALUES (1,'2016-04-30 17:30:00','2016-04-30 21:48:00',12.33,0.37,1),(2,'2016-04-30 18:19:00','2016-04-30 20:42:00',4.00,0.12,1),(3,'2016-04-30 19:19:00','2016-05-30 02:50:00',26.32,0.79,1),(4,'2016-04-30 20:19:00','2016-04-30 21:45:00',24.00,0.72,1),(5,'2016-05-01 01:30:00','2016-05-01 15:05:00',40.00,1.20,1),(6,'2016-05-01 17:45:00','2016-05-01 19:00:00',52.31,1.57,1),(7,'2016-05-01 19:17:00','2016-05-01 20:17:00',33.00,0.99,1),(8,'2016-05-01 20:30:00','2016-05-01 20:55:00',14.00,0.42,1),(9,'2016-05-02 01:30:00','2016-05-02 14:30:00',18.32,0.55,1),(10,'2016-05-02 17:50:00','2016-05-02 19:05:00',9.00,0.27,1),(11,'2016-05-02 19:00:00','2016-05-02 21:32:00',18.19,0.55,1),(12,'2016-05-02 19:45:00','2016-05-02 21:55:00',13.32,0.40,1),(13,'2016-05-02 20:00:00','2016-05-02 21:50:00',17.80,0.53,1),(14,'2016-05-02 20:15:00','2016-05-02 21:55:00',16.00,0.48,1),(15,'2016-05-02 20:35:00','2016-05-02 21:00:00',37.00,1.11,1),(16,'2016-05-03 11:30:00','2016-05-03 14:13:00',19.33,0.58,1),(17,'2016-05-03 12:20:00','2016-05-03 14:29:00',14.32,0.43,1),(18,'2016-05-03 14:04:00','2016-05-03 14:29:00',0.00,0.00,0),(19,'2016-05-03 17:20:00','2016-05-03 14:29:00',0.00,0.00,0),(20,'2016-05-03 19:20:00','2016-05-03 14:29:00',0.00,0.00,0);
/*!40000 ALTER TABLE `tab` ENABLE KEYS */;
UNLOCK TABLES;

--
-- Table structure for table `tab_drinks`
--

DROP TABLE IF EXISTS `tab_drinks`;
/*!40101 SET @saved_cs_client     = @@character_set_client */;
/*!40101 SET character_set_client = utf8 */;
CREATE TABLE `tab_drinks` (
  `Tab_Drinks_ID` int(11) NOT NULL AUTO_INCREMENT,
  `Tab_ID` int(11) NOT NULL,
  `Drink_ID` int(11) NOT NULL,
  `Drink_Unit_ID` int(11) NOT NULL,
  `Happy_Hour` int(11) NOT NULL COMMENT '0 - Normal Price\n1 - Happy Hour Price',
  `Quantity` int(11) NOT NULL,
  `Unit_Price` decimal(7,2) NOT NULL,
  PRIMARY KEY (`Tab_Drinks_ID`),
  KEY `fk_Tab Drinks_Tab1_idx` (`Tab_ID`),
  KEY `fk_Tab Drinks_Drink1_idx` (`Drink_ID`),
  KEY `fk_Tab Drinks_Drink Units1_idx` (`Drink_Unit_ID`),
  CONSTRAINT `fk_Tab Drinks_Drink Units1` FOREIGN KEY (`Drink_Unit_ID`) REFERENCES `drink_units` (`Unit_ID`) ON DELETE NO ACTION ON UPDATE NO ACTION,
  CONSTRAINT `fk_Tab Drinks_Drink1` FOREIGN KEY (`Drink_ID`) REFERENCES `drink` (`Drink_ID`) ON DELETE NO ACTION ON UPDATE NO ACTION,
  CONSTRAINT `fk_Tab Drinks_Tab1` FOREIGN KEY (`Tab_ID`) REFERENCES `tab` (`Tab_ID`) ON DELETE NO ACTION ON UPDATE NO ACTION
) ENGINE=InnoDB AUTO_INCREMENT=60 DEFAULT CHARSET=utf8;
/*!40101 SET character_set_client = @saved_cs_client */;

--
-- Dumping data for table `tab_drinks`
--

LOCK TABLES `tab_drinks` WRITE;
/*!40000 ALTER TABLE `tab_drinks` DISABLE KEYS */;
INSERT INTO `tab_drinks` VALUES (1,1,12,3,0,3,3.00),(2,1,16,3,0,1,4.00),(3,1,124,5,0,1,5.33),(4,2,43,7,0,10,4.00),(5,3,4,2,0,1,4.00),(6,3,10,2,0,2,4.00),(7,3,18,3,0,3,4.00),(8,3,19,3,0,1,4.00),(9,3,131,5,0,2,5.00),(10,3,129,5,0,1,5.32),(11,4,34,8,0,1,20.00),(12,4,43,7,0,6,4.00),(13,5,24,4,0,4,4.00),(14,5,89,7,0,3,6.00),(15,5,95,8,0,1,25.00),(16,5,103,5,0,1,5.00),(17,6,106,6,0,2,27.00),(18,6,109,5,0,3,6.00),(19,7,130,5,0,4,6.00),(20,7,111,5,0,5,7.00),(21,6,127,5,0,3,10.00),(22,6,128,5,0,1,3.33),(23,6,129,5,0,6,5.98),(24,7,120,6,0,1,20.00),(25,8,27,7,0,8,4.00),(26,9,110,5,0,6,6.00),(27,8,36,7,0,5,6.00),(28,8,133,5,0,5,4.00),(29,9,89,7,0,9,6.00),(30,10,27,7,0,2,4.00),(31,9,129,5,0,4,6.32),(32,10,112,5,0,6,5.00),(33,11,133,5,0,3,5.00),(34,11,134,5,0,1,6.20),(35,11,129,5,0,4,6.99),(36,12,120,5,0,8,3.00),(37,13,36,7,0,3,6.00),(38,13,89,7,0,2,6.00),(39,12,27,7,0,6,4.00),(40,12,129,5,0,5,6.32),(41,13,134,5,0,3,5.80),(42,14,89,7,0,2,6.00),(43,14,27,7,0,5,4.00),(44,15,36,8,0,3,25.00),(45,14,133,5,0,3,6.00),(46,15,132,5,0,2,6.00),(47,15,126,5,0,4,6.00),(48,16,127,5,0,2,10.00),(49,16,128,5,0,1,3.33),(50,16,30,7,0,4,6.00),(51,17,7,2,0,2,4.00),(52,18,8,2,1,1,4.50),(53,19,4,2,1,5,3.00),(54,18,17,3,0,3,4.00),(55,17,27,7,0,2,4.00),(56,19,28,8,0,1,20.00),(57,17,129,5,0,7,6.32),(58,20,128,5,0,3,5.00),(59,20,129,5,0,4,5.65);
/*!40000 ALTER TABLE `tab_drinks` ENABLE KEYS */;
UNLOCK TABLES;

--
-- Table structure for table `tab_drinks_components`
--

DROP TABLE IF EXISTS `tab_drinks_components`;
/*!40101 SET @saved_cs_client     = @@character_set_client */;
/*!40101 SET character_set_client = utf8 */;
CREATE TABLE `tab_drinks_components` (
  `Tab_Drinks_Component_ID` int(11) NOT NULL AUTO_INCREMENT,
  `Tab_Drinks_ID` int(11) NOT NULL,
  `Component_ID` int(11) NOT NULL,
  `Quantity` decimal(5,2) DEFAULT NULL,
  `Quantity_Price` decimal(7,2) NOT NULL,
  PRIMARY KEY (`Tab_Drinks_Component_ID`),
  KEY `fk_Tab_Drinks_Components_Tab_Drinks1_idx` (`Tab_Drinks_ID`),
  KEY `fk_Tab_Drinks_Components_Drink1_idx` (`Component_ID`),
  CONSTRAINT `fk_Tab_Drinks_Components_Drink1` FOREIGN KEY (`Component_ID`) REFERENCES `drink` (`Drink_ID`) ON DELETE NO ACTION ON UPDATE NO ACTION,
  CONSTRAINT `fk_Tab_Drinks_Components_Tab_Drinks1` FOREIGN KEY (`Tab_Drinks_ID`) REFERENCES `tab_drinks` (`Tab_Drinks_ID`) ON DELETE NO ACTION ON UPDATE NO ACTION
) ENGINE=InnoDB AUTO_INCREMENT=44 DEFAULT CHARSET=utf8;
/*!40101 SET character_set_client = @saved_cs_client */;

--
-- Dumping data for table `tab_drinks_components`
--

LOCK TABLES `tab_drinks_components` WRITE;
/*!40000 ALTER TABLE `tab_drinks_components` DISABLE KEYS */;
INSERT INTO `tab_drinks_components` VALUES (1,3,35,2.00,5.33),(2,9,32,1.50,5.00),(3,10,27,0.50,1.33),(4,10,31,0.50,1.33),(5,10,38,0.50,1.33),(6,10,43,0.50,1.33),(7,19,36,1.50,6.00),(8,21,68,2.00,10.00),(9,22,27,1.25,3.33),(10,23,27,0.50,1.33),(11,23,31,0.50,1.33),(12,23,39,0.50,1.66),(13,23,44,0.50,1.66),(14,28,31,1.50,4.00),(15,31,27,0.50,1.33),(16,31,31,0.50,1.33),(17,31,40,0.50,2.00),(18,31,45,0.50,1.66),(19,33,32,1.50,5.00),(20,34,113,1.50,1.20),(21,35,29,0.50,2.00),(22,35,36,0.50,2.00),(23,35,38,0.50,1.33),(24,35,46,0.50,1.66),(25,40,28,0.50,1.66),(26,40,36,0.50,2.00),(27,40,38,0.50,1.33),(28,40,43,0.50,1.33),(29,41,114,1.50,0.80),(30,45,36,1.50,6.00),(31,46,37,1.50,6.00),(32,47,36,1.50,6.00),(33,48,69,3.00,10.00),(34,49,27,1.25,3.33),(35,57,30,0.50,2.00),(36,57,31,0.50,1.33),(37,57,41,0.50,1.66),(38,57,43,0.50,1.33),(39,58,30,1.25,5.00),(40,59,27,0.50,1.33),(41,59,31,0.50,1.33),(42,59,42,0.50,1.66),(43,59,43,0.50,1.33);
/*!40000 ALTER TABLE `tab_drinks_components` ENABLE KEYS */;
UNLOCK TABLES;

--
-- Temporary view structure for view `tab_sales`
--

DROP TABLE IF EXISTS `tab_sales`;
/*!50001 DROP VIEW IF EXISTS `tab_sales`*/;
SET @saved_cs_client     = @@character_set_client;
SET character_set_client = utf8;
/*!50001 CREATE VIEW `tab_sales` AS SELECT 
 1 AS `Sale_Date`,
 1 AS `Drink_ID`,
 1 AS `Drink_Unit_ID`,
 1 AS `Total`*/;
SET character_set_client = @saved_cs_client;

--
-- Temporary view structure for view `tab_view`
--

DROP TABLE IF EXISTS `tab_view`;
/*!50001 DROP VIEW IF EXISTS `tab_view`*/;
SET @saved_cs_client     = @@character_set_client;
SET character_set_client = utf8;
/*!50001 CREATE VIEW `tab_view` AS SELECT 
 1 AS `Tab_ID`,
 1 AS `Drink_Name`,
 1 AS `Unit_Name`,
 1 AS `Unit_Price`,
 1 AS `Quantity`,
 1 AS `Total`*/;
SET character_set_client = @saved_cs_client;

--
-- Temporary view structure for view `total_purchase_in_ounces`
--

DROP TABLE IF EXISTS `total_purchase_in_ounces`;
/*!50001 DROP VIEW IF EXISTS `total_purchase_in_ounces`*/;
SET @saved_cs_client     = @@character_set_client;
SET character_set_client = utf8;
/*!50001 CREATE VIEW `total_purchase_in_ounces` AS SELECT 
 1 AS `Purchase_Date`,
 1 AS `Drink_ID`,
 1 AS `Purchase_Quantity`*/;
SET character_set_client = @saved_cs_client;

--
-- Temporary view structure for view `total_sale_in_ounces`
--

DROP TABLE IF EXISTS `total_sale_in_ounces`;
/*!50001 DROP VIEW IF EXISTS `total_sale_in_ounces`*/;
SET @saved_cs_client     = @@character_set_client;
SET character_set_client = utf8;
/*!50001 CREATE VIEW `total_sale_in_ounces` AS SELECT 
 1 AS `Sale_Date`,
 1 AS `Drink_ID`,
 1 AS `Sale_Quantity`*/;
SET character_set_client = @saved_cs_client;

--
-- Dumping routines for database 'mulligans'
--

--
-- Final view structure for view `tab_sales`
--

/*!50001 DROP VIEW IF EXISTS `tab_sales`*/;
/*!50001 SET @saved_cs_client          = @@character_set_client */;
/*!50001 SET @saved_cs_results         = @@character_set_results */;
/*!50001 SET @saved_col_connection     = @@collation_connection */;
/*!50001 SET character_set_client      = utf8 */;
/*!50001 SET character_set_results     = utf8 */;
/*!50001 SET collation_connection      = utf8_general_ci */;
/*!50001 CREATE ALGORITHM=UNDEFINED */
/*!50013 DEFINER=`root`@`localhost` SQL SECURITY DEFINER */
/*!50001 VIEW `tab_sales` AS select date_format(`tab`.`Tab_Open_DateTIme`,'%y-%m-%d') AS `Sale_Date`,`tab_drinks`.`Drink_ID` AS `Drink_ID`,`tab_drinks`.`Drink_Unit_ID` AS `Drink_Unit_ID`,sum(`tab_drinks`.`Quantity`) AS `Total` from (`tab_drinks` join `tab` on((`tab`.`Tab_ID` = `tab_drinks`.`Tab_ID`))) group by date_format(`tab`.`Tab_Open_DateTIme`,'%y-%m-%d'),`tab_drinks`.`Drink_ID`,`tab_drinks`.`Drink_Unit_ID` */;
/*!50001 SET character_set_client      = @saved_cs_client */;
/*!50001 SET character_set_results     = @saved_cs_results */;
/*!50001 SET collation_connection      = @saved_col_connection */;

--
-- Final view structure for view `tab_view`
--

/*!50001 DROP VIEW IF EXISTS `tab_view`*/;
/*!50001 SET @saved_cs_client          = @@character_set_client */;
/*!50001 SET @saved_cs_results         = @@character_set_results */;
/*!50001 SET @saved_col_connection     = @@collation_connection */;
/*!50001 SET character_set_client      = utf8 */;
/*!50001 SET character_set_results     = utf8 */;
/*!50001 SET collation_connection      = utf8_general_ci */;
/*!50001 CREATE ALGORITHM=UNDEFINED */
/*!50013 DEFINER=`root`@`localhost` SQL SECURITY DEFINER */
/*!50001 VIEW `tab_view` AS select `tab_drinks`.`Tab_ID` AS `Tab_ID`,`drink`.`Drink_Name` AS `Drink_Name`,`drink_units`.`Unit_Name` AS `Unit_Name`,`tab_drinks`.`Unit_Price` AS `Unit_Price`,`tab_drinks`.`Quantity` AS `Quantity`,(`tab_drinks`.`Quantity` * `tab_drinks`.`Unit_Price`) AS `Total` from ((`tab_drinks` join `drink` on((`drink`.`Drink_ID` = `tab_drinks`.`Drink_ID`))) join `drink_units` on((`drink_units`.`Unit_ID` = `tab_drinks`.`Drink_Unit_ID`))) */;
/*!50001 SET character_set_client      = @saved_cs_client */;
/*!50001 SET character_set_results     = @saved_cs_results */;
/*!50001 SET collation_connection      = @saved_col_connection */;

--
-- Final view structure for view `total_purchase_in_ounces`
--

/*!50001 DROP VIEW IF EXISTS `total_purchase_in_ounces`*/;
/*!50001 SET @saved_cs_client          = @@character_set_client */;
/*!50001 SET @saved_cs_results         = @@character_set_results */;
/*!50001 SET @saved_col_connection     = @@collation_connection */;
/*!50001 SET character_set_client      = utf8 */;
/*!50001 SET character_set_results     = utf8 */;
/*!50001 SET collation_connection      = utf8_general_ci */;
/*!50001 CREATE ALGORITHM=UNDEFINED */
/*!50013 DEFINER=`root`@`localhost` SQL SECURITY DEFINER */
/*!50001 VIEW `total_purchase_in_ounces` AS select date_format(`drink_purchase`.`Date`,'%y-%m-%d') AS `Purchase_Date`,`drink_purchase_details`.`Drink_ID` AS `Drink_ID`,sum(((select `drink_units`.`Quantity_In_Ounces` from `drink_units` where (`drink_units`.`Unit_ID` = `drink_purchase_details`.`Unit_ID`)) * `drink_purchase_details`.`Quantity`)) AS `Purchase_Quantity` from (`drink_purchase_details` join `drink_purchase` on((`drink_purchase`.`Drink_Purchase_ID` = `drink_purchase_details`.`Drink_Purchase_ID`))) group by date_format(`drink_purchase`.`Date`,'%y-%m-%d'),`drink_purchase_details`.`Drink_ID` */;
/*!50001 SET character_set_client      = @saved_cs_client */;
/*!50001 SET character_set_results     = @saved_cs_results */;
/*!50001 SET collation_connection      = @saved_col_connection */;

--
-- Final view structure for view `total_sale_in_ounces`
--

/*!50001 DROP VIEW IF EXISTS `total_sale_in_ounces`*/;
/*!50001 SET @saved_cs_client          = @@character_set_client */;
/*!50001 SET @saved_cs_results         = @@character_set_results */;
/*!50001 SET @saved_col_connection     = @@collation_connection */;
/*!50001 SET character_set_client      = utf8 */;
/*!50001 SET character_set_results     = utf8 */;
/*!50001 SET collation_connection      = utf8_general_ci */;
/*!50001 CREATE ALGORITHM=UNDEFINED */
/*!50013 DEFINER=`root`@`localhost` SQL SECURITY DEFINER */
/*!50001 VIEW `total_sale_in_ounces` AS select `a`.`Sale_Date` AS `Sale_Date`,`a`.`Drink_ID` AS `Drink_ID`,sum(`a`.`Total`) AS `Sale_Quantity` from (select date_format(`mulligans`.`tab`.`Tab_Open_DateTIme`,'%y-%m-%d') AS `Sale_Date`,`mulligans`.`tab_drinks`.`Drink_ID` AS `Drink_ID`,sum(((select `mulligans`.`drink_units`.`Quantity_In_Ounces` from `mulligans`.`drink_units` where (`mulligans`.`drink_units`.`Unit_ID` = `mulligans`.`tab_drinks`.`Drink_Unit_ID`)) * `mulligans`.`tab_drinks`.`Quantity`)) AS `Total` from (`mulligans`.`tab_drinks` join `mulligans`.`tab` on((`mulligans`.`tab`.`Tab_ID` = `mulligans`.`tab_drinks`.`Tab_ID`))) where (not(`mulligans`.`tab_drinks`.`Tab_Drinks_ID` in (select `mulligans`.`tab_drinks_components`.`Tab_Drinks_ID` from `mulligans`.`tab_drinks_components`))) group by date_format(`mulligans`.`tab`.`Tab_Open_DateTIme`,'%y-%m-%d'),`mulligans`.`tab_drinks`.`Drink_ID` union select date_format(`mulligans`.`tab`.`Tab_Open_DateTIme`,'%y-%m-%d') AS `DATE_FORMAT(Tab.Tab_Open_DateTime,'%y-%m-%d')`,`mulligans`.`tab_drinks_components`.`Component_ID` AS `Drink_ID`,sum(`mulligans`.`tab_drinks_components`.`Quantity`) AS `Total` from ((`mulligans`.`tab_drinks_components` join `mulligans`.`tab_drinks` on((`mulligans`.`tab_drinks`.`Tab_Drinks_ID` = `mulligans`.`tab_drinks_components`.`Tab_Drinks_ID`))) join `mulligans`.`tab` on((`mulligans`.`tab`.`Tab_ID` = `mulligans`.`tab_drinks`.`Tab_ID`))) group by date_format(`mulligans`.`tab`.`Tab_Open_DateTIme`,'%y-%m-%d'),`mulligans`.`tab_drinks_components`.`Component_ID`) `a` group by `a`.`Sale_Date`,`a`.`Drink_ID` */;
/*!50001 SET character_set_client      = @saved_cs_client */;
/*!50001 SET character_set_results     = @saved_cs_results */;
/*!50001 SET collation_connection      = @saved_col_connection */;
/*!40103 SET TIME_ZONE=@OLD_TIME_ZONE */;

/*!40101 SET SQL_MODE=@OLD_SQL_MODE */;
/*!40014 SET FOREIGN_KEY_CHECKS=@OLD_FOREIGN_KEY_CHECKS */;
/*!40014 SET UNIQUE_CHECKS=@OLD_UNIQUE_CHECKS */;
/*!40101 SET CHARACTER_SET_CLIENT=@OLD_CHARACTER_SET_CLIENT */;
/*!40101 SET CHARACTER_SET_RESULTS=@OLD_CHARACTER_SET_RESULTS */;
/*!40101 SET COLLATION_CONNECTION=@OLD_COLLATION_CONNECTION */;
/*!40111 SET SQL_NOTES=@OLD_SQL_NOTES */;

-- Dump completed on 2016-05-16 17:45:54
